"Test","Target","Version","Round","CPU_min","CPU_max","RAM_min(B)","RAM_max(B)","Timestamp","Duration","SCRIPT_FILENAME","APPL_SCRIPT_NAME","Protocol","E1_ADDR","E2_ADDR","CONSECUTIVE_LOST","CPU_UTIL_E1","CPU_UTIL_E2","DELAY_FACTOR","DELAY_VARIATION","END_TO_END_DELAY","JITTER_AVG","JITTER_MIN","JITTER_MAX","MEDIA_LOSS_RATE","MOS_ESTIMATE_AVG","MOS_ESTIMATE_MIN","MOS_ESTIMATE_MAX","ONE_WAY_DELAY_AVG","ONE_WAY_DELAY_MIN","ONE_WAY_DELAY_MAX","R_VALUE_AVG","R_VALUE_MIN","R_VALUE_MAX","REL_PRECISION","RESP_TIME_AVG","RESP_TIME_MIN","RESP_TIME_MAX","RSSI_E1_AVG","RSSI_E1_MIN","RSSI_E1_MAX","RSSI_E2_AVG","RSSI_E2_MIN","RSSI_E2_MAX","THROUGHPUT_AVG","THROUGHPUT_MIN","THROUGHPUT_MAX","TRANS_RATE_AVG","TRANS_RATE_MIN","TRANS_RATE_MAX" 
"ts004_packet_simulator_onelink.bat","AIFlow","1.1.5.0","1","15.40530","0","19044352","0",20260427180727, 30, HTTPtext.scr, HTTP Text Transfer, TCP, 192.168.0.136, 192.168.0.156, , , , , , , , , , , , , , , , , , , , , , , , , , , , , , , , , , ,  
"ts004_packet_simulator_onelink.bat","AIFlow","1.1.5.0","1","15.40530","0","19044352","0",20260427180727, 30, HTTPtext.scr, HTTP Text Transfer, TCP, 192.168.0.136, 192.168.0.156, , , , , , , , , , , , , , , , , , , , , , , , , , , , , , , , , , ,  
"ts004_packet_simulator_onelink.bat","AIFlow","1.1.5.0","1","15.40530","0","19044352","0",20260427180727, 30, HTTPtext.scr, HTTP Text Transfer, TCP, 192.168.0.136, 192.168.0.156, , , , , , , , , , , , , , , , , , , , , , , , , , , , , , , , , , ,  
"ts004_packet_simulator_onelink.bat","AIFlow","1.1.5.0","1","15.40530","0","19044352","0",20260427180727, 30, HTTPtext.scr, HTTP Text Transfer, TCP, 192.168.0.136, 192.168.0.156, , , , , , , , , , , , , , , , , , , , , , , , , , , , , , , , , , ,  
"ts004_packet_simulator_onelink.bat","AIFlow","1.1.5.0","1","15.40530","0","19044352","0",20260427180727, 30, HTTPtext.scr, HTTP Text Transfer, TCP, 192.168.0.136, 192.168.0.156, , , , , , , , , , , , , , , , , , , , , , , , , , , , , , , , , , ,  
"ts004_packet_simulator_onelink.bat","AIFlow","1.1.5.0","1","15.40530","0","19044352","0",20260427180727, 30, HTTPtext.scr, HTTP Text Transfer, TCP, 192.168.0.136, 192.168.0.156, , , , , , , , , , , , , , , , , , , , , , , , , , , , , , , , , , ,  
"ts004_packet_simulator_onelink.bat","AIFlow","1.1.5.0","1","15.40530","0","19044352","0",20260427180727, 30, HTTPtext.scr, HTTP Text Transfer, TCP, 192.168.0.136, 192.168.0.156, , , , , , , , , , , , , , , , , , , , , , , , , , , , , , , , , , ,  
"ts004_packet_simulator_onelink.bat","AIFlow","1.1.5.0","1","15.40530","0","19044352","0",20260427180727, 30, HTTPtext.scr, HTTP Text Transfer, TCP, 192.168.0.136, 192.168.0.156, , , , , , , , , , , , , , , , , , , , , , , , , , , , , , , , , , ,  
"ts004_packet_simulator_onelink.bat","AIFlow","1.1.5.0","1","15.40530","0","19044352","0",20260427180727, 30, HTTPtext.scr, HTTP Text Transfer, TCP, 192.168.0.136, 192.168.0.156, , , , , , , , , , , , , , , , , , , , , , , , , , , , , , , , , , ,  
"ts004_packet_simulator_onelink.bat","AIFlow","1.1.5.0","1","15.40530","0","19044352","0",20260427180727, 30, HTTPtext.scr, HTTP Text Transfer, TCP, 192.168.0.136, 192.168.0.156, , , , , , , , , , , , , , , , , , , , , , , , , , , , , , , , , , ,  
"ts004_packet_simulator_onelink.bat","AIFlow","1.1.5.0","1","15.40530","0","19044352","0",20260427180727, 30, HTTPtext.scr, HTTP Text Transfer, TCP, 192.168.0.136, 192.168.0.156, , , , , , , , , , , , , , , , , , , , , , , , , , , , , , , , , , ,  
"ts004_packet_simulator_onelink.bat","AIFlow","1.1.5.0","1","15.40530","0","19044352","0",20260427180727, 30, HTTPtext.scr, HTTP Text Transfer, TCP, 192.168.0.136, 192.168.0.156, , , , , , , , , , , , , , , , , , , , , , , , , , , , , , , , , , ,  
"ts004_packet_simulator_onelink.bat","AIFlow","1.1.5.0","1","15.40530","0","19044352","0",20260427180727, 30, HTTPtext.scr, HTTP Text Transfer, TCP, 192.168.0.136, 192.168.0.156, , , , , , , , , , , , , , , , , , , , , , , , , , , , , , , , , , ,  
"ts004_packet_simulator_onelink.bat","AIFlow","1.1.5.0","1","15.40530","0","19044352","0",20260427180727, 30, HTTPtext.scr, HTTP Text Transfer, TCP, 192.168.0.136, 192.168.0.156, , , , , , , , , , , , , , , , , , , , , , , , , , , , , , , , , , ,  
"ts004_packet_simulator_onelink.bat","AIFlow","1.1.5.0","1","15.40530","0","19044352","0",20260427180727, 30, HTTPtext.scr, HTTP Text Transfer, TCP, 192.168.0.136, 192.168.0.156, , , , , , , , , , , , , , , , , , , , , , , , , , , , , , , , , , ,  
"ts004_packet_simulator_onelink.bat","AIFlow","1.1.5.0","1","15.40530","0","19044352","0",20260427180727, 30, HTTPtext.scr, HTTP Text Transfer, TCP, 192.168.0.136, 192.168.0.156, , , , , , , , , , , , , , , , , , , , , , , , , , , , , , , , , , ,  
"ts004_packet_simulator_onelink.bat","AIFlow","1.1.5.0","1","15.40530","0","19044352","0",20260427180727, 30, HTTPtext.scr, HTTP Text Transfer, TCP, 192.168.0.136, 192.168.0.156, , , , , , , , , , , , , , , , , , , , , , , , , , , , , , , , , , ,  
"ts004_packet_simulator_onelink.bat","AIFlow","1.1.5.0","1","15.40530","0","19044352","0",20260427180727, 30, HTTPtext.scr, HTTP Text Transfer, TCP, 192.168.0.136, 192.168.0.156, , , , , , , , , , , , , , , , , , , , , , , , , , , , , , , , , , ,  
"ts004_packet_simulator_onelink.bat","AIFlow","1.1.5.0","1","15.40530","0","19044352","0",20260427180727, 30, HTTPtext.scr, HTTP Text Transfer, TCP, 192.168.0.136, 192.168.0.156, , , , , , , , , , , , , , , , , , , , , , , , , , , , , , , , , , ,  
"ts004_packet_simulator_onelink.bat","AIFlow","1.1.5.0","1","15.40530","0","19044352","0",20260427180727, 30, HTTPtext.scr, HTTP Text Transfer, TCP, 192.168.0.136, 192.168.0.156, , , , , , , , , , , , , , , , , , , , , , , , , , , , , , , , , , ,  
"ts004_packet_simulator_onelink.bat","AIFlow","1.1.5.0","1","15.40530","0","19044352","0",20260427180727, 30, HTTPtext.scr, HTTP Text Transfer, TCP, 192.168.0.136, 192.168.0.156, , , , , , , , , , , , , , , , , , , , , , , , , , , , , , , , , , ,  
"ts004_packet_simulator_onelink.bat","AIFlow","1.1.5.0","1","15.40530","0","19044352","0",20260427180727, 30, HTTPtext.scr, HTTP Text Transfer, TCP, 192.168.0.136, 192.168.0.156, , , , , , , , , , , , , , , , , , , , , , , , , , , , , , , , , , ,  
"ts004_packet_simulator_onelink.bat","AIFlow","1.1.5.0","1","15.40530","0","19044352","0",20260427180727, 30, HTTPtext.scr, HTTP Text Transfer, TCP, 192.168.0.136, 192.168.0.156, , , , , , , , , , , , , , , , , , , , , , , , , , , , , , , , , , ,  
"ts004_packet_simulator_onelink.bat","AIFlow","1.1.5.0","1","15.40530","0","19044352","0",20260427180727, 30, HTTPtext.scr, HTTP Text Transfer, TCP, 192.168.0.136, 192.168.0.156, , , , , , , , , , , , , , , , , , , , , , , , , , , , , , , , , , ,  
"ts004_packet_simulator_onelink.bat","AIFlow","1.1.5.0","1","15.40530","0","19044352","0",20260427180727, 30, HTTPtext.scr, HTTP Text Transfer, TCP, 192.168.0.136, 192.168.0.156, , , , , , , , , , , , , , , , , , , , , , , , , , , , , , , , , , ,  
"ts004_packet_simulator_onelink.bat","AIFlow","1.1.5.0","1","15.40530","0","19044352","0",20260427180727, 30, HTTPtext.scr, HTTP Text Transfer, TCP, 192.168.0.136, 192.168.0.156, , , , , , , , , , , , , , , , , , , , , , , , , , , , , , , , , , ,  
"ts004_packet_simulator_onelink.bat","AIFlow","1.1.5.0","1","15.40530","0","19044352","0",20260427180727, 30, HTTPtext.scr, HTTP Text Transfer, TCP, 192.168.0.136, 192.168.0.156, , , , , , , , , , , , , , , , , , , , , , , , , , , , , , , , , , ,  
"ts004_packet_simulator_onelink.bat","AIFlow","1.1.5.0","1","15.40530","0","19044352","0",20260427180727, 30, HTTPtext.scr, HTTP Text Transfer, TCP, 192.168.0.136, 192.168.0.156, , , , , , , , , , , , , , , , , , , , , , , , , , , , , , , , , , ,  
"ts004_packet_simulator_onelink.bat","AIFlow","1.1.5.0","1","15.40530","0","19044352","0",20260427180727, 30, HTTPtext.scr, HTTP Text Transfer, TCP, 192.168.0.136, 192.168.0.156, , , , , , , , , , , , , , , , , , , , , , , , , , , , , , , , , , ,  
"ts004_packet_simulator_onelink.bat","AIFlow","1.1.5.0","1","15.40530","0","19044352","0",20260427180727, 30, HTTPtext.scr, HTTP Text Transfer, TCP, 192.168.0.136, 192.168.0.156, , , , , , , , , , , , , , , , , , , , , , , , , , , , , , , , , , ,  
"ts004_packet_simulator_onelink.bat","AIFlow","1.1.5.0","1","15.40530","0","19044352","0",20260427180727, 30, HTTPtext.scr, HTTP Text Transfer, TCP, 192.168.0.136, 192.168.0.156, , , , , , , , , , , , , , , , , , , , , , , , , , , , , , , , , , ,  
"ts004_packet_simulator_onelink.bat","AIFlow","1.1.5.0","1","15.40530","0","19044352","0",20260427180727, 30, HTTPtext.scr, HTTP Text Transfer, TCP, 192.168.0.136, 192.168.0.156, , , , , , , , , , , , , , , , , , , , , , , , , , , , , , , , , , ,  
"ts004_packet_simulator_onelink.bat","AIFlow","1.1.5.0","2","7.684245","0","19775488","0",20260427180811, 30, HTTPtext.scr, HTTP Text Transfer, TCP, 192.168.0.136, 192.168.0.156, , , , , , , , , , , , , , , , , , , , , , , , , , , , , , , , , , ,  
"ts004_packet_simulator_onelink.bat","AIFlow","1.1.5.0","2","7.684245","0","19775488","0",20260427180811, 30, HTTPtext.scr, HTTP Text Transfer, TCP, 192.168.0.136, 192.168.0.156, , , , , , , , , , , , , , , , , , , , , , , , , , , , , , , , , , ,  
"ts004_packet_simulator_onelink.bat","AIFlow","1.1.5.0","2","7.684245","0","19775488","0",20260427180811, 30, HTTPtext.scr, HTTP Text Transfer, TCP, 192.168.0.136, 192.168.0.156, , , , , , , , , , , , , , , , , , , , , , , , , , , , , , , , , , ,  
"ts004_packet_simulator_onelink.bat","AIFlow","1.1.5.0","2","7.684245","0","19775488","0",20260427180811, 30, HTTPtext.scr, HTTP Text Transfer, TCP, 192.168.0.136, 192.168.0.156, , , , , , , , , , , , , , , , , , , , , , , , , , , , , , , , , , ,  
"ts004_packet_simulator_onelink.bat","AIFlow","1.1.5.0","2","7.684245","0","19775488","0",20260427180811, 30, HTTPtext.scr, HTTP Text Transfer, TCP, 192.168.0.136, 192.168.0.156, , , , , , , , , , , , , , , , , , , , , , , , , , , , , , , , , , ,  
"ts004_packet_simulator_onelink.bat","AIFlow","1.1.5.0","2","7.684245","0","19775488","0",20260427180811, 30, HTTPtext.scr, HTTP Text Transfer, TCP, 192.168.0.136, 192.168.0.156, , , , , , , , , , , , , , , , , , , , , , , , , , , , , , , , , , ,  
"ts004_packet_simulator_onelink.bat","AIFlow","1.1.5.0","2","7.684245","0","19775488","0",20260427180811, 30, HTTPtext.scr, HTTP Text Transfer, TCP, 192.168.0.136, 192.168.0.156, , , , , , , , , , , , , , , , , , , , , , , , , , , , , , , , , , ,  
"ts004_packet_simulator_onelink.bat","AIFlow","1.1.5.0","2","7.684245","0","19775488","0",20260427180811, 30, HTTPtext.scr, HTTP Text Transfer, TCP, 192.168.0.136, 192.168.0.156, , , , , , , , , , , , , , , , , , , , , , , , , , , , , , , , , , ,  
"ts004_packet_simulator_onelink.bat","AIFlow","1.1.5.0","2","7.684245","0","19775488","0",20260427180811, 30, HTTPtext.scr, HTTP Text Transfer, TCP, 192.168.0.136, 192.168.0.156, , , , , , , , , , , , , , , , , , , , , , , , , , , , , , , , , , ,  
"ts004_packet_simulator_onelink.bat","AIFlow","1.1.5.0","2","7.684245","0","19775488","0",20260427180811, 30, HTTPtext.scr, HTTP Text Transfer, TCP, 192.168.0.136, 192.168.0.156, , , , , , , , , , , , , , , , , , , , , , , , , , , , , , , , , , ,  
"ts004_packet_simulator_onelink.bat","AIFlow","1.1.5.0","2","7.684245","0","19775488","0",20260427180811, 30, HTTPtext.scr, HTTP Text Transfer, TCP, 192.168.0.136, 192.168.0.156, , , , , , , , , , , , , , , , , , , , , , , , , , , , , , , , , , ,  
"ts004_packet_simulator_onelink.bat","AIFlow","1.1.5.0","2","7.684245","0","19775488","0",20260427180811, 30, HTTPtext.scr, HTTP Text Transfer, TCP, 192.168.0.136, 192.168.0.156, , , , , , , , , , , , , , , , , , , , , , , , , , , , , , , , , , ,  
"ts004_packet_simulator_onelink.bat","AIFlow","1.1.5.0","2","7.684245","0","19775488","0",20260427180811, 30, HTTPtext.scr, HTTP Text Transfer, TCP, 192.168.0.136, 192.168.0.156, , , , , , , , , , , , , , , , , , , , , , , , , , , , , , , , , , ,  
"ts004_packet_simulator_onelink.bat","AIFlow","1.1.5.0","2","7.684245","0","19775488","0",20260427180811, 30, HTTPtext.scr, HTTP Text Transfer, TCP, 192.168.0.136, 192.168.0.156, , , , , , , , , , , , , , , , , , , , , , , , , , , , , , , , , , ,  
"ts004_packet_simulator_onelink.bat","AIFlow","1.1.5.0","2","7.684245","0","19775488","0",20260427180811, 30, HTTPtext.scr, HTTP Text Transfer, TCP, 192.168.0.136, 192.168.0.156, , , , , , , , , , , , , , , , , , , , , , , , , , , , , , , , , , ,  
"ts004_packet_simulator_onelink.bat","AIFlow","1.1.5.0","2","7.684245","0","19775488","0",20260427180811, 30, HTTPtext.scr, HTTP Text Transfer, TCP, 192.168.0.136, 192.168.0.156, , , , , , , , , , , , , , , , , , , , , , , , , , , , , , , , , , ,  
"ts004_packet_simulator_onelink.bat","AIFlow","1.1.5.0","2","7.684245","0","19775488","0",20260427180811, 30, HTTPtext.scr, HTTP Text Transfer, TCP, 192.168.0.136, 192.168.0.156, , , , , , , , , , , , , , , , , , , , , , , , , , , , , , , , , , ,  
"ts004_packet_simulator_onelink.bat","AIFlow","1.1.5.0","2","7.684245","0","19775488","0",20260427180811, 30, HTTPtext.scr, HTTP Text Transfer, TCP, 192.168.0.136, 192.168.0.156, , , , , , , , , , , , , , , , , , , , , , , , , , , , , , , , , , ,  
"ts004_packet_simulator_onelink.bat","AIFlow","1.1.5.0","2","7.684245","0","19775488","0",20260427180811, 30, HTTPtext.scr, HTTP Text Transfer, TCP, 192.168.0.136, 192.168.0.156, , , , , , , , , , , , , , , , , , , , , , , , , , , , , , , , , , ,  
"ts004_packet_simulator_onelink.bat","AIFlow","1.1.5.0","2","7.684245","0","19775488","0",20260427180811, 30, HTTPtext.scr, HTTP Text Transfer, TCP, 192.168.0.136, 192.168.0.156, , , , , , , , , , , , , , , , , , , , , , , , , , , , , , , , , , ,  
"ts004_packet_simulator_onelink.bat","AIFlow","1.1.5.0","2","7.684245","0","19775488","0",20260427180811, 30, HTTPtext.scr, HTTP Text Transfer, TCP, 192.168.0.136, 192.168.0.156, , , , , , , , , , , , , , , , , , , , , , , , , , , , , , , , , , ,  
"ts004_packet_simulator_onelink.bat","AIFlow","1.1.5.0","2","7.684245","0","19775488","0",20260427180811, 30, HTTPtext.scr, HTTP Text Transfer, TCP, 192.168.0.136, 192.168.0.156, , , , , , , , , , , , , , , , , , , , , , , , , , , , , , , , , , ,  
"ts004_packet_simulator_onelink.bat","AIFlow","1.1.5.0","2","7.684245","0","19775488","0",20260427180811, 30, HTTPtext.scr, HTTP Text Transfer, TCP, 192.168.0.136, 192.168.0.156, , , , , , , , , , , , , , , , , , , , , , , , , , , , , , , , , , ,  
"ts004_packet_simulator_onelink.bat","AIFlow","1.1.5.0","2","7.684245","0","19775488","0",20260427180811, 30, HTTPtext.scr, HTTP Text Transfer, TCP, 192.168.0.136, 192.168.0.156, , , , , , , , , , , , , , , , , , , , , , , , , , , , , , , , , , ,  
"ts004_packet_simulator_onelink.bat","AIFlow","1.1.5.0","2","7.684245","0","19775488","0",20260427180811, 30, HTTPtext.scr, HTTP Text Transfer, TCP, 192.168.0.136, 192.168.0.156, , , , , , , , , , , , , , , , , , , , , , , , , , , , , , , , , , ,  
"ts004_packet_simulator_onelink.bat","AIFlow","1.1.5.0","2","7.684245","0","19775488","0",20260427180811, 30, HTTPtext.scr, HTTP Text Transfer, TCP, 192.168.0.136, 192.168.0.156, , , , , , , , , , , , , , , , , , , , , , , , , , , , , , , , , , ,  
"ts004_packet_simulator_onelink.bat","AIFlow","1.1.5.0","2","7.684245","0","19775488","0",20260427180811, 30, HTTPtext.scr, HTTP Text Transfer, TCP, 192.168.0.136, 192.168.0.156, , , , , , , , , , , , , , , , , , , , , , , , , , , , , , , , , , ,  
"ts004_packet_simulator_onelink.bat","AIFlow","1.1.5.0","2","7.684245","0","19775488","0",20260427180811, 30, HTTPtext.scr, HTTP Text Transfer, TCP, 192.168.0.136, 192.168.0.156, , , , , , , , , , , , , , , , , , , , , , , , , , , , , , , , , , ,  
"ts004_packet_simulator_onelink.bat","AIFlow","1.1.5.0","2","7.684245","0","19775488","0",20260427180811, 30, HTTPtext.scr, HTTP Text Transfer, TCP, 192.168.0.136, 192.168.0.156, , , , , , , , , , , , , , , , , , , , , , , , , , , , , , , , , , ,  
"ts004_packet_simulator_onelink.bat","AIFlow","1.1.5.0","2","7.684245","0","19775488","0",20260427180811, 30, HTTPtext.scr, HTTP Text Transfer, TCP, 192.168.0.136, 192.168.0.156, , , , , , , , , , , , , , , , , , , , , , , , , , , , , , , , , , ,  
"ts004_packet_simulator_onelink.bat","AIFlow","1.1.5.0","2","7.684245","0","19775488","0",20260427180811, 30, HTTPtext.scr, HTTP Text Transfer, TCP, 192.168.0.136, 192.168.0.156, , , , , , , , , , , , , , , , , , , , , , , , , , , , , , , , , , ,  
"ts004_packet_simulator_onelink.bat","AIFlow","1.1.5.0","2","7.684245","0","19775488","0",20260427180811, 30, HTTPtext.scr, HTTP Text Transfer, TCP, 192.168.0.136, 192.168.0.156, , , , , , , , , , , , , , , , , , , , , , , , , , , , , , , , , , ,  
"ts004_packet_simulator_onelink.bat","AIFlow","1.1.5.0","3","3.104983","0","19649740","0",20260427180855, 30, HTTPtext.scr, HTTP Text Transfer, TCP, 192.168.0.136, 192.168.0.156, , , , , , , , , , , , , , , , , , , , , , , , , , , , , , , , , , ,  
"ts004_packet_simulator_onelink.bat","AIFlow","1.1.5.0","3","3.104983","0","19649740","0",20260427180855, 30, HTTPtext.scr, HTTP Text Transfer, TCP, 192.168.0.136, 192.168.0.156, , , , , , , , , , , , , , , , , , , , , , , , , , , , , , , , , , ,  
"ts004_packet_simulator_onelink.bat","AIFlow","1.1.5.0","3","3.104983","0","19649740","0",20260427180855, 30, HTTPtext.scr, HTTP Text Transfer, TCP, 192.168.0.136, 192.168.0.156, , , , , , , , , , , , , , , , , , , , , , , , , , , , , , , , , , ,  
"ts004_packet_simulator_onelink.bat","AIFlow","1.1.5.0","3","3.104983","0","19649740","0",20260427180855, 30, HTTPtext.scr, HTTP Text Transfer, TCP, 192.168.0.136, 192.168.0.156, , , , , , , , , , , , , , , , , , , , , , , , , , , , , , , , , , ,  
"ts004_packet_simulator_onelink.bat","AIFlow","1.1.5.0","3","3.104983","0","19649740","0",20260427180855, 30, HTTPtext.scr, HTTP Text Transfer, TCP, 192.168.0.136, 192.168.0.156, , , , , , , , , , , , , , , , , , , , , , , , , , , , , , , , , , ,  
"ts004_packet_simulator_onelink.bat","AIFlow","1.1.5.0","3","3.104983","0","19649740","0",20260427180855, 30, HTTPtext.scr, HTTP Text Transfer, TCP, 192.168.0.136, 192.168.0.156, , , , , , , , , , , , , , , , , , , , , , , , , , , , , , , , , , ,  
"ts004_packet_simulator_onelink.bat","AIFlow","1.1.5.0","3","3.104983","0","19649740","0",20260427180855, 30, HTTPtext.scr, HTTP Text Transfer, TCP, 192.168.0.136, 192.168.0.156, , , , , , , , , , , , , , , , , , , , , , , , , , , , , , , , , , ,  
"ts004_packet_simulator_onelink.bat","AIFlow","1.1.5.0","3","3.104983","0","19649740","0",20260427180855, 30, HTTPtext.scr, HTTP Text Transfer, TCP, 192.168.0.136, 192.168.0.156, , , , , , , , , , , , , , , , , , , , , , , , , , , , , , , , , , ,  
"ts004_packet_simulator_onelink.bat","AIFlow","1.1.5.0","3","3.104983","0","19649740","0",20260427180855, 30, HTTPtext.scr, HTTP Text Transfer, TCP, 192.168.0.136, 192.168.0.156, , , , , , , , , , , , , , , , , , , , , , , , , , , , , , , , , , ,  
"ts004_packet_simulator_onelink.bat","AIFlow","1.1.5.0","3","3.104983","0","19649740","0",20260427180855, 30, HTTPtext.scr, HTTP Text Transfer, TCP, 192.168.0.136, 192.168.0.156, , , , , , , , , , , , , , , , , , , , , , , , , , , , , , , , , , ,  
"ts004_packet_simulator_onelink.bat","AIFlow","1.1.5.0","3","3.104983","0","19649740","0",20260427180855, 30, HTTPtext.scr, HTTP Text Transfer, TCP, 192.168.0.136, 192.168.0.156, , , , , , , , , , , , , , , , , , , , , , , , , , , , , , , , , , ,  
"ts004_packet_simulator_onelink.bat","AIFlow","1.1.5.0","3","3.104983","0","19649740","0",20260427180855, 30, HTTPtext.scr, HTTP Text Transfer, TCP, 192.168.0.136, 192.168.0.156, , , , , , , , , , , , , , , , , , , , , , , , , , , , , , , , , , ,  
"ts004_packet_simulator_onelink.bat","AIFlow","1.1.5.0","3","3.104983","0","19649740","0",20260427180855, 30, HTTPtext.scr, HTTP Text Transfer, TCP, 192.168.0.136, 192.168.0.156, , , , , , , , , , , , , , , , , , , , , , , , , , , , , , , , , , ,  
"ts004_packet_simulator_onelink.bat","AIFlow","1.1.5.0","3","3.104983","0","19649740","0",20260427180855, 30, HTTPtext.scr, HTTP Text Transfer, TCP, 192.168.0.136, 192.168.0.156, , , , , , , , , , , , , , , , , , , , , , , , , , , , , , , , , , ,  
"ts004_packet_simulator_onelink.bat","AIFlow","1.1.5.0","3","3.104983","0","19649740","0",20260427180855, 30, HTTPtext.scr, HTTP Text Transfer, TCP, 192.168.0.136, 192.168.0.156, , , , , , , , , , , , , , , , , , , , , , , , , , , , , , , , , , ,  
"ts004_packet_simulator_onelink.bat","AIFlow","1.1.5.0","3","3.104983","0","19649740","0",20260427180855, 30, HTTPtext.scr, HTTP Text Transfer, TCP, 192.168.0.136, 192.168.0.156, , , , , , , , , , , , , , , , , , , , , , , , , , , , , , , , , , ,  
"ts004_packet_simulator_onelink.bat","AIFlow","1.1.5.0","3","3.104983","0","19649740","0",20260427180855, 30, HTTPtext.scr, HTTP Text Transfer, TCP, 192.168.0.136, 192.168.0.156, , , , , , , , , , , , , , , , , , , , , , , , , , , , , , , , , , ,  
"ts004_packet_simulator_onelink.bat","AIFlow","1.1.5.0","3","3.104983","0","19649740","0",20260427180855, 30, HTTPtext.scr, HTTP Text Transfer, TCP, 192.168.0.136, 192.168.0.156, , , , , , , , , , , , , , , , , , , , , , , , , , , , , , , , , , ,  
"ts004_packet_simulator_onelink.bat","AIFlow","1.1.5.0","3","3.104983","0","19649740","0",20260427180855, 30, HTTPtext.scr, HTTP Text Transfer, TCP, 192.168.0.136, 192.168.0.156, , , , , , , , , , , , , , , , , , , , , , , , , , , , , , , , , , ,  
"ts004_packet_simulator_onelink.bat","AIFlow","1.1.5.0","3","3.104983","0","19649740","0",20260427180855, 30, HTTPtext.scr, HTTP Text Transfer, TCP, 192.168.0.136, 192.168.0.156, , , , , , , , , , , , , , , , , , , , , , , , , , , , , , , , , , ,  
"ts004_packet_simulator_onelink.bat","AIFlow","1.1.5.0","3","3.104983","0","19649740","0",20260427180855, 30, HTTPtext.scr, HTTP Text Transfer, TCP, 192.168.0.136, 192.168.0.156, , , , , , , , , , , , , , , , , , , , , , , , , , , , , , , , , , ,  
"ts004_packet_simulator_onelink.bat","AIFlow","1.1.5.0","3","3.104983","0","19649740","0",20260427180855, 30, HTTPtext.scr, HTTP Text Transfer, TCP, 192.168.0.136, 192.168.0.156, , , , , , , , , , , , , , , , , , , , , , , , , , , , , , , , , , ,  
"ts004_packet_simulator_onelink.bat","AIFlow","1.1.5.0","3","3.104983","0","19649740","0",20260427180855, 30, HTTPtext.scr, HTTP Text Transfer, TCP, 192.168.0.136, 192.168.0.156, , , , , , , , , , , , , , , , , , , , , , , , , , , , , , , , , , ,  
"ts004_packet_simulator_onelink.bat","AIFlow","1.1.5.0","3","3.104983","0","19649740","0",20260427180855, 30, HTTPtext.scr, HTTP Text Transfer, TCP, 192.168.0.136, 192.168.0.156, , , , , , , , , , , , , , , , , , , , , , , , , , , , , , , , , , ,  
"ts004_packet_simulator_onelink.bat","AIFlow","1.1.5.0","3","3.104983","0","19649740","0",20260427180855, 30, HTTPtext.scr, HTTP Text Transfer, TCP, 192.168.0.136, 192.168.0.156, , , , , , , , , , , , , , , , , , , , , , , , , , , , , , , , , , ,  
"ts004_packet_simulator_onelink.bat","AIFlow","1.1.5.0","3","3.104983","0","19649740","0",20260427180855, 30, HTTPtext.scr, HTTP Text Transfer, TCP, 192.168.0.136, 192.168.0.156, , , , , , , , , , , , , , , , , , , , , , , , , , , , , , , , , , ,  
"ts004_packet_simulator_onelink.bat","AIFlow","1.1.5.0","3","3.104983","0","19649740","0",20260427180855, 30, HTTPtext.scr, HTTP Text Transfer, TCP, 192.168.0.136, 192.168.0.156, , , , , , , , , , , , , , , , , , , , , , , , , , , , , , , , , , ,  
"ts004_packet_simulator_onelink.bat","AIFlow","1.1.5.0","3","3.104983","0","19649740","0",20260427180855, 30, HTTPtext.scr, HTTP Text Transfer, TCP, 192.168.0.136, 192.168.0.156, , , , , , , , , , , , , , , , , , , , , , , , , , , , , , , , , , ,  
"ts004_packet_simulator_onelink.bat","AIFlow","1.1.5.0","3","3.104983","0","19649740","0",20260427180855, 30, HTTPtext.scr, HTTP Text Transfer, TCP, 192.168.0.136, 192.168.0.156, , , , , , , , , , , , , , , , , , , , , , , , , , , , , , , , , , ,  
"ts004_packet_simulator_onelink.bat","AIFlow","1.1.5.0","3","3.104983","0","19649740","0",20260427180855, 30, HTTPtext.scr, HTTP Text Transfer, TCP, 192.168.0.136, 192.168.0.156, , , , , , , , , , , , , , , , , , , , , , , , , , , , , , , , , , ,  
"ts004_packet_simulator_onelink.bat","AIFlow","1.1.5.0","3","3.104983","0","19649740","0",20260427180855, 30, HTTPtext.scr, HTTP Text Transfer, TCP, 192.168.0.136, 192.168.0.156, , , , , , , , , , , , , , , , , , , , , , , , , , , , , , , , , , ,  
"ts004_packet_simulator_onelink.bat","AIFlow","1.1.5.0","3","3.104983","0","19649740","0",20260427180855, 30, HTTPtext.scr, HTTP Text Transfer, TCP, 192.168.0.136, 192.168.0.156, , , , , , , , , , , , , , , , , , , , , , , , , , , , , , , , , , ,  
"ts004_packet_simulator_onelink.bat","AIFlow","1.1.5.0","4","0.000000","0","20585267","0",20260427180939, 30, HTTPtext.scr, HTTP Text Transfer, TCP, 192.168.0.136, 192.168.0.156, , , , , , , , , , , , , , , , , , , , , , , , , , , , , , , , , , ,  
"ts004_packet_simulator_onelink.bat","AIFlow","1.1.5.0","4","0.000000","0","20585267","0",20260427180939, 30, HTTPtext.scr, HTTP Text Transfer, TCP, 192.168.0.136, 192.168.0.156, , , , , , , , , , , , , , , , , , , , , , , , , , , , , , , , , , ,  
"ts004_packet_simulator_onelink.bat","AIFlow","1.1.5.0","4","0.000000","0","20585267","0",20260427180939, 30, HTTPtext.scr, HTTP Text Transfer, TCP, 192.168.0.136, 192.168.0.156, , , , , , , , , , , , , , , , , , , , , , , , , , , , , , , , , , ,  
"ts004_packet_simulator_onelink.bat","AIFlow","1.1.5.0","4","0.000000","0","20585267","0",20260427180939, 30, HTTPtext.scr, HTTP Text Transfer, TCP, 192.168.0.136, 192.168.0.156, , , , , , , , , , , , , , , , , , , , , , , , , , , , , , , , , , ,  
"ts004_packet_simulator_onelink.bat","AIFlow","1.1.5.0","4","0.000000","0","20585267","0",20260427180939, 30, HTTPtext.scr, HTTP Text Transfer, TCP, 192.168.0.136, 192.168.0.156, , , , , , , , , , , , , , , , , , , , , , , , , , , , , , , , , , ,  
"ts004_packet_simulator_onelink.bat","AIFlow","1.1.5.0","4","0.000000","0","20585267","0",20260427180939, 30, HTTPtext.scr, HTTP Text Transfer, TCP, 192.168.0.136, 192.168.0.156, , , , , , , , , , , , , , , , , , , , , , , , , , , , , , , , , , ,  
"ts004_packet_simulator_onelink.bat","AIFlow","1.1.5.0","4","0.000000","0","20585267","0",20260427180939, 30, HTTPtext.scr, HTTP Text Transfer, TCP, 192.168.0.136, 192.168.0.156, , , , , , , , , , , , , , , , , , , , , , , , , , , , , , , , , , ,  
"ts004_packet_simulator_onelink.bat","AIFlow","1.1.5.0","4","0.000000","0","20585267","0",20260427180939, 30, HTTPtext.scr, HTTP Text Transfer, TCP, 192.168.0.136, 192.168.0.156, , , , , , , , , , , , , , , , , , , , , , , , , , , , , , , , , , ,  
"ts004_packet_simulator_onelink.bat","AIFlow","1.1.5.0","4","0.000000","0","20585267","0",20260427180939, 30, HTTPtext.scr, HTTP Text Transfer, TCP, 192.168.0.136, 192.168.0.156, , , , , , , , , , , , , , , , , , , , , , , , , , , , , , , , , , ,  
"ts004_packet_simulator_onelink.bat","AIFlow","1.1.5.0","4","0.000000","0","20585267","0",20260427180939, 30, HTTPtext.scr, HTTP Text Transfer, TCP, 192.168.0.136, 192.168.0.156, , , , , , , , , , , , , , , , , , , , , , , , , , , , , , , , , , ,  
"ts004_packet_simulator_onelink.bat","AIFlow","1.1.5.0","4","0.000000","0","20585267","0",20260427180939, 30, HTTPtext.scr, HTTP Text Transfer, TCP, 192.168.0.136, 192.168.0.156, , , , , , , , , , , , , , , , , , , , , , , , , , , , , , , , , , ,  
"ts004_packet_simulator_onelink.bat","AIFlow","1.1.5.0","4","0.000000","0","20585267","0",20260427180939, 30, HTTPtext.scr, HTTP Text Transfer, TCP, 192.168.0.136, 192.168.0.156, , , , , , , , , , , , , , , , , , , , , , , , , , , , , , , , , , ,  
"ts004_packet_simulator_onelink.bat","AIFlow","1.1.5.0","4","0.000000","0","20585267","0",20260427180939, 30, HTTPtext.scr, HTTP Text Transfer, TCP, 192.168.0.136, 192.168.0.156, , , , , , , , , , , , , , , , , , , , , , , , , , , , , , , , , , ,  
"ts004_packet_simulator_onelink.bat","AIFlow","1.1.5.0","4","0.000000","0","20585267","0",20260427180939, 30, HTTPtext.scr, HTTP Text Transfer, TCP, 192.168.0.136, 192.168.0.156, , , , , , , , , , , , , , , , , , , , , , , , , , , , , , , , , , ,  
"ts004_packet_simulator_onelink.bat","AIFlow","1.1.5.0","4","0.000000","0","20585267","0",20260427180939, 30, HTTPtext.scr, HTTP Text Transfer, TCP, 192.168.0.136, 192.168.0.156, , , , , , , , , , , , , , , , , , , , , , , , , , , , , , , , , , ,  
"ts004_packet_simulator_onelink.bat","AIFlow","1.1.5.0","4","0.000000","0","20585267","0",20260427180939, 30, HTTPtext.scr, HTTP Text Transfer, TCP, 192.168.0.136, 192.168.0.156, , , , , , , , , , , , , , , , , , , , , , , , , , , , , , , , , , ,  
"ts004_packet_simulator_onelink.bat","AIFlow","1.1.5.0","4","0.000000","0","20585267","0",20260427180939, 30, HTTPtext.scr, HTTP Text Transfer, TCP, 192.168.0.136, 192.168.0.156, , , , , , , , , , , , , , , , , , , , , , , , , , , , , , , , , , ,  
"ts004_packet_simulator_onelink.bat","AIFlow","1.1.5.0","4","0.000000","0","20585267","0",20260427180939, 30, HTTPtext.scr, HTTP Text Transfer, TCP, 192.168.0.136, 192.168.0.156, , , , , , , , , , , , , , , , , , , , , , , , , , , , , , , , , , ,  
"ts004_packet_simulator_onelink.bat","AIFlow","1.1.5.0","4","0.000000","0","20585267","0",20260427180939, 30, HTTPtext.scr, HTTP Text Transfer, TCP, 192.168.0.136, 192.168.0.156, , , , , , , , , , , , , , , , , , , , , , , , , , , , , , , , , , ,  
"ts004_packet_simulator_onelink.bat","AIFlow","1.1.5.0","4","0.000000","0","20585267","0",20260427180939, 30, HTTPtext.scr, HTTP Text Transfer, TCP, 192.168.0.136, 192.168.0.156, , , , , , , , , , , , , , , , , , , , , , , , , , , , , , , , , , ,  
"ts004_packet_simulator_onelink.bat","AIFlow","1.1.5.0","4","0.000000","0","20585267","0",20260427180939, 30, HTTPtext.scr, HTTP Text Transfer, TCP, 192.168.0.136, 192.168.0.156, , , , , , , , , , , , , , , , , , , , , , , , , , , , , , , , , , ,  
"ts004_packet_simulator_onelink.bat","AIFlow","1.1.5.0","4","0.000000","0","20585267","0",20260427180939, 30, HTTPtext.scr, HTTP Text Transfer, TCP, 192.168.0.136, 192.168.0.156, , , , , , , , , , , , , , , , , , , , , , , , , , , , , , , , , , ,  
"ts004_packet_simulator_onelink.bat","AIFlow","1.1.5.0","4","0.000000","0","20585267","0",20260427180939, 30, HTTPtext.scr, HTTP Text Transfer, TCP, 192.168.0.136, 192.168.0.156, , , , , , , , , , , , , , , , , , , , , , , , , , , , , , , , , , ,  
"ts004_packet_simulator_onelink.bat","AIFlow","1.1.5.0","4","0.000000","0","20585267","0",20260427180939, 30, HTTPtext.scr, HTTP Text Transfer, TCP, 192.168.0.136, 192.168.0.156, , , , , , , , , , , , , , , , , , , , , , , , , , , , , , , , , , ,  
"ts004_packet_simulator_onelink.bat","AIFlow","1.1.5.0","4","0.000000","0","20585267","0",20260427180939, 30, HTTPtext.scr, HTTP Text Transfer, TCP, 192.168.0.136, 192.168.0.156, , , , , , , , , , , , , , , , , , , , , , , , , , , , , , , , , , ,  
"ts004_packet_simulator_onelink.bat","AIFlow","1.1.5.0","4","0.000000","0","20585267","0",20260427180939, 30, HTTPtext.scr, HTTP Text Transfer, TCP, 192.168.0.136, 192.168.0.156, , , , , , , , , , , , , , , , , , , , , , , , , , , , , , , , , , ,  
"ts004_packet_simulator_onelink.bat","AIFlow","1.1.5.0","4","0.000000","0","20585267","0",20260427180939, 30, HTTPtext.scr, HTTP Text Transfer, TCP, 192.168.0.136, 192.168.0.156, , , , , , , , , , , , , , , , , , , , , , , , , , , , , , , , , , ,  
"ts004_packet_simulator_onelink.bat","AIFlow","1.1.5.0","4","0.000000","0","20585267","0",20260427180939, 30, HTTPtext.scr, HTTP Text Transfer, TCP, 192.168.0.136, 192.168.0.156, , , , , , , , , , , , , , , , , , , , , , , , , , , , , , , , , , ,  
"ts004_packet_simulator_onelink.bat","AIFlow","1.1.5.0","4","0.000000","0","20585267","0",20260427180939, 30, HTTPtext.scr, HTTP Text Transfer, TCP, 192.168.0.136, 192.168.0.156, , , , , , , , , , , , , , , , , , , , , , , , , , , , , , , , , , ,  
"ts004_packet_simulator_onelink.bat","AIFlow","1.1.5.0","4","0.000000","0","20585267","0",20260427180939, 30, HTTPtext.scr, HTTP Text Transfer, TCP, 192.168.0.136, 192.168.0.156, , , , , , , , , , , , , , , , , , , , , , , , , , , , , , , , , , ,  
"ts004_packet_simulator_onelink.bat","AIFlow","1.1.5.0","4","0.000000","0","20585267","0",20260427180939, 30, HTTPtext.scr, HTTP Text Transfer, TCP, 192.168.0.136, 192.168.0.156, , , , , , , , , , , , , , , , , , , , , , , , , , , , , , , , , , ,  
"ts004_packet_simulator_onelink.bat","AIFlow","1.1.5.0","4","0.000000","0","20585267","0",20260427180939, 30, HTTPtext.scr, HTTP Text Transfer, TCP, 192.168.0.136, 192.168.0.156, , , , , , , , , , , , , , , , , , , , , , , , , , , , , , , , , , ,  
"ts004_packet_simulator_onelink.bat","AIFlow","1.1.5.0","5","20.01818","0","20282982","0",20260427181023, 30, HTTPtext.scr, HTTP Text Transfer, TCP, 192.168.0.136, 192.168.0.156, , , , , , , , , , , , , , , , , , , , , , , , , , , , , , , , , , ,  
"ts004_packet_simulator_onelink.bat","AIFlow","1.1.5.0","5","20.01818","0","20282982","0",20260427181023, 30, HTTPtext.scr, HTTP Text Transfer, TCP, 192.168.0.136, 192.168.0.156, , , , , , , , , , , , , , , , , , , , , , , , , , , , , , , , , , ,  
"ts004_packet_simulator_onelink.bat","AIFlow","1.1.5.0","5","20.01818","0","20282982","0",20260427181023, 30, HTTPtext.scr, HTTP Text Transfer, TCP, 192.168.0.136, 192.168.0.156, , , , , , , , , , , , , , , , , , , , , , , , , , , , , , , , , , ,  
"ts004_packet_simulator_onelink.bat","AIFlow","1.1.5.0","5","20.01818","0","20282982","0",20260427181023, 30, HTTPtext.scr, HTTP Text Transfer, TCP, 192.168.0.136, 192.168.0.156, , , , , , , , , , , , , , , , , , , , , , , , , , , , , , , , , , ,  
"ts004_packet_simulator_onelink.bat","AIFlow","1.1.5.0","5","20.01818","0","20282982","0",20260427181023, 30, HTTPtext.scr, HTTP Text Transfer, TCP, 192.168.0.136, 192.168.0.156, , , , , , , , , , , , , , , , , , , , , , , , , , , , , , , , , , ,  
"ts004_packet_simulator_onelink.bat","AIFlow","1.1.5.0","5","20.01818","0","20282982","0",20260427181023, 30, HTTPtext.scr, HTTP Text Transfer, TCP, 192.168.0.136, 192.168.0.156, , , , , , , , , , , , , , , , , , , , , , , , , , , , , , , , , , ,  
"ts004_packet_simulator_onelink.bat","AIFlow","1.1.5.0","5","20.01818","0","20282982","0",20260427181023, 30, HTTPtext.scr, HTTP Text Transfer, TCP, 192.168.0.136, 192.168.0.156, , , , , , , , , , , , , , , , , , , , , , , , , , , , , , , , , , ,  
"ts004_packet_simulator_onelink.bat","AIFlow","1.1.5.0","5","20.01818","0","20282982","0",20260427181023, 30, HTTPtext.scr, HTTP Text Transfer, TCP, 192.168.0.136, 192.168.0.156, , , , , , , , , , , , , , , , , , , , , , , , , , , , , , , , , , ,  
"ts004_packet_simulator_onelink.bat","AIFlow","1.1.5.0","5","20.01818","0","20282982","0",20260427181023, 30, HTTPtext.scr, HTTP Text Transfer, TCP, 192.168.0.136, 192.168.0.156, , , , , , , , , , , , , , , , , , , , , , , , , , , , , , , , , , ,  
"ts004_packet_simulator_onelink.bat","AIFlow","1.1.5.0","5","20.01818","0","20282982","0",20260427181023, 30, HTTPtext.scr, HTTP Text Transfer, TCP, 192.168.0.136, 192.168.0.156, , , , , , , , , , , , , , , , , , , , , , , , , , , , , , , , , , ,  
"ts004_packet_simulator_onelink.bat","AIFlow","1.1.5.0","5","20.01818","0","20282982","0",20260427181023, 30, HTTPtext.scr, HTTP Text Transfer, TCP, 192.168.0.136, 192.168.0.156, , , , , , , , , , , , , , , , , , , , , , , , , , , , , , , , , , ,  
"ts004_packet_simulator_onelink.bat","AIFlow","1.1.5.0","5","20.01818","0","20282982","0",20260427181023, 30, HTTPtext.scr, HTTP Text Transfer, TCP, 192.168.0.136, 192.168.0.156, , , , , , , , , , , , , , , , , , , , , , , , , , , , , , , , , , ,  
"ts004_packet_simulator_onelink.bat","AIFlow","1.1.5.0","5","20.01818","0","20282982","0",20260427181023, 30, HTTPtext.scr, HTTP Text Transfer, TCP, 192.168.0.136, 192.168.0.156, , , , , , , , , , , , , , , , , , , , , , , , , , , , , , , , , , ,  
"ts004_packet_simulator_onelink.bat","AIFlow","1.1.5.0","5","20.01818","0","20282982","0",20260427181023, 30, HTTPtext.scr, HTTP Text Transfer, TCP, 192.168.0.136, 192.168.0.156, , , , , , , , , , , , , , , , , , , , , , , , , , , , , , , , , , ,  
"ts004_packet_simulator_onelink.bat","AIFlow","1.1.5.0","5","20.01818","0","20282982","0",20260427181023, 30, HTTPtext.scr, HTTP Text Transfer, TCP, 192.168.0.136, 192.168.0.156, , , , , , , , , , , , , , , , , , , , , , , , , , , , , , , , , , ,  
"ts004_packet_simulator_onelink.bat","AIFlow","1.1.5.0","5","20.01818","0","20282982","0",20260427181023, 30, HTTPtext.scr, HTTP Text Transfer, TCP, 192.168.0.136, 192.168.0.156, , , , , , , , , , , , , , , , , , , , , , , , , , , , , , , , , , ,  
"ts004_packet_simulator_onelink.bat","AIFlow","1.1.5.0","5","20.01818","0","20282982","0",20260427181023, 30, HTTPtext.scr, HTTP Text Transfer, TCP, 192.168.0.136, 192.168.0.156, , , , , , , , , , , , , , , , , , , , , , , , , , , , , , , , , , ,  
"ts004_packet_simulator_onelink.bat","AIFlow","1.1.5.0","5","20.01818","0","20282982","0",20260427181023, 30, HTTPtext.scr, HTTP Text Transfer, TCP, 192.168.0.136, 192.168.0.156, , , , , , , , , , , , , , , , , , , , , , , , , , , , , , , , , , ,  
"ts004_packet_simulator_onelink.bat","AIFlow","1.1.5.0","5","20.01818","0","20282982","0",20260427181023, 30, HTTPtext.scr, HTTP Text Transfer, TCP, 192.168.0.136, 192.168.0.156, , , , , , , , , , , , , , , , , , , , , , , , , , , , , , , , , , ,  
"ts004_packet_simulator_onelink.bat","AIFlow","1.1.5.0","5","20.01818","0","20282982","0",20260427181023, 30, HTTPtext.scr, HTTP Text Transfer, TCP, 192.168.0.136, 192.168.0.156, , , , , , , , , , , , , , , , , , , , , , , , , , , , , , , , , , ,  
"ts004_packet_simulator_onelink.bat","AIFlow","1.1.5.0","5","20.01818","0","20282982","0",20260427181023, 30, HTTPtext.scr, HTTP Text Transfer, TCP, 192.168.0.136, 192.168.0.156, , , , , , , , , , , , , , , , , , , , , , , , , , , , , , , , , , ,  
"ts004_packet_simulator_onelink.bat","AIFlow","1.1.5.0","5","20.01818","0","20282982","0",20260427181023, 30, HTTPtext.scr, HTTP Text Transfer, TCP, 192.168.0.136, 192.168.0.156, , , , , , , , , , , , , , , , , , , , , , , , , , , , , , , , , , ,  
"ts004_packet_simulator_onelink.bat","AIFlow","1.1.5.0","5","20.01818","0","20282982","0",20260427181023, 30, HTTPtext.scr, HTTP Text Transfer, TCP, 192.168.0.136, 192.168.0.156, , , , , , , , , , , , , , , , , , , , , , , , , , , , , , , , , , ,  
"ts004_packet_simulator_onelink.bat","AIFlow","1.1.5.0","5","20.01818","0","20282982","0",20260427181023, 30, HTTPtext.scr, HTTP Text Transfer, TCP, 192.168.0.136, 192.168.0.156, , , , , , , , , , , , , , , , , , , , , , , , , , , , , , , , , , ,  
"ts004_packet_simulator_onelink.bat","AIFlow","1.1.5.0","5","20.01818","0","20282982","0",20260427181023, 30, HTTPtext.scr, HTTP Text Transfer, TCP, 192.168.0.136, 192.168.0.156, , , , , , , , , , , , , , , , , , , , , , , , , , , , , , , , , , ,  
"ts004_packet_simulator_onelink.bat","AIFlow","1.1.5.0","5","20.01818","0","20282982","0",20260427181023, 30, HTTPtext.scr, HTTP Text Transfer, TCP, 192.168.0.136, 192.168.0.156, , , , , , , , , , , , , , , , , , , , , , , , , , , , , , , , , , ,  
"ts004_packet_simulator_onelink.bat","AIFlow","1.1.5.0","5","20.01818","0","20282982","0",20260427181023, 30, HTTPtext.scr, HTTP Text Transfer, TCP, 192.168.0.136, 192.168.0.156, , , , , , , , , , , , , , , , , , , , , , , , , , , , , , , , , , ,  
"ts004_packet_simulator_onelink.bat","AIFlow","1.1.5.0","5","20.01818","0","20282982","0",20260427181023, 30, HTTPtext.scr, HTTP Text Transfer, TCP, 192.168.0.136, 192.168.0.156, , , , , , , , , , , , , , , , , , , , , , , , , , , , , , , , , , ,  
"ts004_packet_simulator_onelink.bat","AIFlow","1.1.5.0","5","20.01818","0","20282982","0",20260427181023, 30, HTTPtext.scr, HTTP Text Transfer, TCP, 192.168.0.136, 192.168.0.156, , , , , , , , , , , , , , , , , , , , , , , , , , , , , , , , , , ,  
"ts004_packet_simulator_onelink.bat","AIFlow","1.1.5.0","5","20.01818","0","20282982","0",20260427181023, 30, HTTPtext.scr, HTTP Text Transfer, TCP, 192.168.0.136, 192.168.0.156, , , , , , , , , , , , , , , , , , , , , , , , , , , , , , , , , , ,  
"ts004_packet_simulator_onelink.bat","AIFlow","1.1.5.0","5","20.01818","0","20282982","0",20260427181023, 30, HTTPtext.scr, HTTP Text Transfer, TCP, 192.168.0.136, 192.168.0.156, , , , , , , , , , , , , , , , , , , , , , , , , , , , , , , , , , ,  
"ts004_packet_simulator_onelink.bat","AIFlow","1.1.5.0","5","20.01818","0","20282982","0",20260427181023, 30, HTTPtext.scr, HTTP Text Transfer, TCP, 192.168.0.136, 192.168.0.156, , , , , , , , , , , , , , , , , , , , , , , , , , , , , , , , , , ,  
"ts004_packet_simulator_onelink.bat","AIFlow","1.1.5.0","6","4.623579","0","20304281","0",20260427181107, 30, HTTPtext.scr, HTTP Text Transfer, TCP, 192.168.0.136, 192.168.0.156, , , , , , , , , , , , , , , , , , , , , , , , , , , , , , , , , , ,  
"ts004_packet_simulator_onelink.bat","AIFlow","1.1.5.0","6","4.623579","0","20304281","0",20260427181107, 30, HTTPtext.scr, HTTP Text Transfer, TCP, 192.168.0.136, 192.168.0.156, , , , , , , , , , , , , , , , , , , , , , , , , , , , , , , , , , ,  
"ts004_packet_simulator_onelink.bat","AIFlow","1.1.5.0","6","4.623579","0","20304281","0",20260427181107, 30, HTTPtext.scr, HTTP Text Transfer, TCP, 192.168.0.136, 192.168.0.156, , , , , , , , , , , , , , , , , , , , , , , , , , , , , , , , , , ,  
"ts004_packet_simulator_onelink.bat","AIFlow","1.1.5.0","6","4.623579","0","20304281","0",20260427181107, 30, HTTPtext.scr, HTTP Text Transfer, TCP, 192.168.0.136, 192.168.0.156, , , , , , , , , , , , , , , , , , , , , , , , , , , , , , , , , , ,  
"ts004_packet_simulator_onelink.bat","AIFlow","1.1.5.0","6","4.623579","0","20304281","0",20260427181107, 30, HTTPtext.scr, HTTP Text Transfer, TCP, 192.168.0.136, 192.168.0.156, , , , , , , , , , , , , , , , , , , , , , , , , , , , , , , , , , ,  
"ts004_packet_simulator_onelink.bat","AIFlow","1.1.5.0","6","4.623579","0","20304281","0",20260427181107, 30, HTTPtext.scr, HTTP Text Transfer, TCP, 192.168.0.136, 192.168.0.156, , , , , , , , , , , , , , , , , , , , , , , , , , , , , , , , , , ,  
"ts004_packet_simulator_onelink.bat","AIFlow","1.1.5.0","6","4.623579","0","20304281","0",20260427181107, 30, HTTPtext.scr, HTTP Text Transfer, TCP, 192.168.0.136, 192.168.0.156, , , , , , , , , , , , , , , , , , , , , , , , , , , , , , , , , , ,  
"ts004_packet_simulator_onelink.bat","AIFlow","1.1.5.0","6","4.623579","0","20304281","0",20260427181107, 30, HTTPtext.scr, HTTP Text Transfer, TCP, 192.168.0.136, 192.168.0.156, , , , , , , , , , , , , , , , , , , , , , , , , , , , , , , , , , ,  
"ts004_packet_simulator_onelink.bat","AIFlow","1.1.5.0","6","4.623579","0","20304281","0",20260427181107, 30, HTTPtext.scr, HTTP Text Transfer, TCP, 192.168.0.136, 192.168.0.156, , , , , , , , , , , , , , , , , , , , , , , , , , , , , , , , , , ,  
"ts004_packet_simulator_onelink.bat","AIFlow","1.1.5.0","6","4.623579","0","20304281","0",20260427181107, 30, HTTPtext.scr, HTTP Text Transfer, TCP, 192.168.0.136, 192.168.0.156, , , , , , , , , , , , , , , , , , , , , , , , , , , , , , , , , , ,  
"ts004_packet_simulator_onelink.bat","AIFlow","1.1.5.0","6","4.623579","0","20304281","0",20260427181107, 30, HTTPtext.scr, HTTP Text Transfer, TCP, 192.168.0.136, 192.168.0.156, , , , , , , , , , , , , , , , , , , , , , , , , , , , , , , , , , ,  
"ts004_packet_simulator_onelink.bat","AIFlow","1.1.5.0","6","4.623579","0","20304281","0",20260427181107, 30, HTTPtext.scr, HTTP Text Transfer, TCP, 192.168.0.136, 192.168.0.156, , , , , , , , , , , , , , , , , , , , , , , , , , , , , , , , , , ,  
"ts004_packet_simulator_onelink.bat","AIFlow","1.1.5.0","6","4.623579","0","20304281","0",20260427181107, 30, HTTPtext.scr, HTTP Text Transfer, TCP, 192.168.0.136, 192.168.0.156, , , , , , , , , , , , , , , , , , , , , , , , , , , , , , , , , , ,  
"ts004_packet_simulator_onelink.bat","AIFlow","1.1.5.0","6","4.623579","0","20304281","0",20260427181107, 30, HTTPtext.scr, HTTP Text Transfer, TCP, 192.168.0.136, 192.168.0.156, , , , , , , , , , , , , , , , , , , , , , , , , , , , , , , , , , ,  
"ts004_packet_simulator_onelink.bat","AIFlow","1.1.5.0","6","4.623579","0","20304281","0",20260427181107, 30, HTTPtext.scr, HTTP Text Transfer, TCP, 192.168.0.136, 192.168.0.156, , , , , , , , , , , , , , , , , , , , , , , , , , , , , , , , , , ,  
"ts004_packet_simulator_onelink.bat","AIFlow","1.1.5.0","6","4.623579","0","20304281","0",20260427181107, 30, HTTPtext.scr, HTTP Text Transfer, TCP, 192.168.0.136, 192.168.0.156, , , , , , , , , , , , , , , , , , , , , , , , , , , , , , , , , , ,  
"ts004_packet_simulator_onelink.bat","AIFlow","1.1.5.0","6","4.623579","0","20304281","0",20260427181107, 30, HTTPtext.scr, HTTP Text Transfer, TCP, 192.168.0.136, 192.168.0.156, , , , , , , , , , , , , , , , , , , , , , , , , , , , , , , , , , ,  
"ts004_packet_simulator_onelink.bat","AIFlow","1.1.5.0","6","4.623579","0","20304281","0",20260427181107, 30, HTTPtext.scr, HTTP Text Transfer, TCP, 192.168.0.136, 192.168.0.156, , , , , , , , , , , , , , , , , , , , , , , , , , , , , , , , , , ,  
"ts004_packet_simulator_onelink.bat","AIFlow","1.1.5.0","6","4.623579","0","20304281","0",20260427181107, 30, HTTPtext.scr, HTTP Text Transfer, TCP, 192.168.0.136, 192.168.0.156, , , , , , , , , , , , , , , , , , , , , , , , , , , , , , , , , , ,  
"ts004_packet_simulator_onelink.bat","AIFlow","1.1.5.0","6","4.623579","0","20304281","0",20260427181107, 30, HTTPtext.scr, HTTP Text Transfer, TCP, 192.168.0.136, 192.168.0.156, , , , , , , , , , , , , , , , , , , , , , , , , , , , , , , , , , ,  
"ts004_packet_simulator_onelink.bat","AIFlow","1.1.5.0","6","4.623579","0","20304281","0",20260427181107, 30, HTTPtext.scr, HTTP Text Transfer, TCP, 192.168.0.136, 192.168.0.156, , , , , , , , , , , , , , , , , , , , , , , , , , , , , , , , , , ,  
"ts004_packet_simulator_onelink.bat","AIFlow","1.1.5.0","6","4.623579","0","20304281","0",20260427181107, 30, HTTPtext.scr, HTTP Text Transfer, TCP, 192.168.0.136, 192.168.0.156, , , , , , , , , , , , , , , , , , , , , , , , , , , , , , , , , , ,  
"ts004_packet_simulator_onelink.bat","AIFlow","1.1.5.0","6","4.623579","0","20304281","0",20260427181107, 30, HTTPtext.scr, HTTP Text Transfer, TCP, 192.168.0.136, 192.168.0.156, , , , , , , , , , , , , , , , , , , , , , , , , , , , , , , , , , ,  
"ts004_packet_simulator_onelink.bat","AIFlow","1.1.5.0","6","4.623579","0","20304281","0",20260427181107, 30, HTTPtext.scr, HTTP Text Transfer, TCP, 192.168.0.136, 192.168.0.156, , , , , , , , , , , , , , , , , , , , , , , , , , , , , , , , , , ,  
"ts004_packet_simulator_onelink.bat","AIFlow","1.1.5.0","6","4.623579","0","20304281","0",20260427181107, 30, HTTPtext.scr, HTTP Text Transfer, TCP, 192.168.0.136, 192.168.0.156, , , , , , , , , , , , , , , , , , , , , , , , , , , , , , , , , , ,  
"ts004_packet_simulator_onelink.bat","AIFlow","1.1.5.0","6","4.623579","0","20304281","0",20260427181107, 30, HTTPtext.scr, HTTP Text Transfer, TCP, 192.168.0.136, 192.168.0.156, , , , , , , , , , , , , , , , , , , , , , , , , , , , , , , , , , ,  
"ts004_packet_simulator_onelink.bat","AIFlow","1.1.5.0","6","4.623579","0","20304281","0",20260427181107, 30, HTTPtext.scr, HTTP Text Transfer, TCP, 192.168.0.136, 192.168.0.156, , , , , , , , , , , , , , , , , , , , , , , , , , , , , , , , , , ,  
"ts004_packet_simulator_onelink.bat","AIFlow","1.1.5.0","6","4.623579","0","20304281","0",20260427181107, 30, HTTPtext.scr, HTTP Text Transfer, TCP, 192.168.0.136, 192.168.0.156, , , , , , , , , , , , , , , , , , , , , , , , , , , , , , , , , , ,  
"ts004_packet_simulator_onelink.bat","AIFlow","1.1.5.0","6","4.623579","0","20304281","0",20260427181107, 30, HTTPtext.scr, HTTP Text Transfer, TCP, 192.168.0.136, 192.168.0.156, , , , , , , , , , , , , , , , , , , , , , , , , , , , , , , , , , ,  
"ts004_packet_simulator_onelink.bat","AIFlow","1.1.5.0","6","4.623579","0","20304281","0",20260427181107, 30, HTTPtext.scr, HTTP Text Transfer, TCP, 192.168.0.136, 192.168.0.156, , , , , , , , , , , , , , , , , , , , , , , , , , , , , , , , , , ,  
"ts004_packet_simulator_onelink.bat","AIFlow","1.1.5.0","6","4.623579","0","20304281","0",20260427181107, 30, HTTPtext.scr, HTTP Text Transfer, TCP, 192.168.0.136, 192.168.0.156, , , , , , , , , , , , , , , , , , , , , , , , , , , , , , , , , , ,  
"ts004_packet_simulator_onelink.bat","AIFlow","1.1.5.0","6","4.623579","0","20304281","0",20260427181107, 30, HTTPtext.scr, HTTP Text Transfer, TCP, 192.168.0.136, 192.168.0.156, , , , , , , , , , , , , , , , , , , , , , , , , , , , , , , , , , ,  
"ts004_packet_simulator_onelink.bat","AIFlow","1.1.5.0","7","0.000000","0","20314521","0",20260427181151, 30, HTTPtext.scr, HTTP Text Transfer, TCP, 192.168.0.136, 192.168.0.156, , , , , , , , , , , , , , , , , , , , , , , , , , , , , , , , , , ,  
"ts004_packet_simulator_onelink.bat","AIFlow","1.1.5.0","7","0.000000","0","20314521","0",20260427181151, 30, HTTPtext.scr, HTTP Text Transfer, TCP, 192.168.0.136, 192.168.0.156, , , , , , , , , , , , , , , , , , , , , , , , , , , , , , , , , , ,  
"ts004_packet_simulator_onelink.bat","AIFlow","1.1.5.0","7","0.000000","0","20314521","0",20260427181151, 30, HTTPtext.scr, HTTP Text Transfer, TCP, 192.168.0.136, 192.168.0.156, , , , , , , , , , , , , , , , , , , , , , , , , , , , , , , , , , ,  
"ts004_packet_simulator_onelink.bat","AIFlow","1.1.5.0","7","0.000000","0","20314521","0",20260427181151, 30, HTTPtext.scr, HTTP Text Transfer, TCP, 192.168.0.136, 192.168.0.156, , , , , , , , , , , , , , , , , , , , , , , , , , , , , , , , , , ,  
"ts004_packet_simulator_onelink.bat","AIFlow","1.1.5.0","7","0.000000","0","20314521","0",20260427181151, 30, HTTPtext.scr, HTTP Text Transfer, TCP, 192.168.0.136, 192.168.0.156, , , , , , , , , , , , , , , , , , , , , , , , , , , , , , , , , , ,  
"ts004_packet_simulator_onelink.bat","AIFlow","1.1.5.0","7","0.000000","0","20314521","0",20260427181151, 30, HTTPtext.scr, HTTP Text Transfer, TCP, 192.168.0.136, 192.168.0.156, , , , , , , , , , , , , , , , , , , , , , , , , , , , , , , , , , ,  
"ts004_packet_simulator_onelink.bat","AIFlow","1.1.5.0","7","0.000000","0","20314521","0",20260427181151, 30, HTTPtext.scr, HTTP Text Transfer, TCP, 192.168.0.136, 192.168.0.156, , , , , , , , , , , , , , , , , , , , , , , , , , , , , , , , , , ,  
"ts004_packet_simulator_onelink.bat","AIFlow","1.1.5.0","7","0.000000","0","20314521","0",20260427181151, 30, HTTPtext.scr, HTTP Text Transfer, TCP, 192.168.0.136, 192.168.0.156, , , , , , , , , , , , , , , , , , , , , , , , , , , , , , , , , , ,  
"ts004_packet_simulator_onelink.bat","AIFlow","1.1.5.0","7","0.000000","0","20314521","0",20260427181151, 30, HTTPtext.scr, HTTP Text Transfer, TCP, 192.168.0.136, 192.168.0.156, , , , , , , , , , , , , , , , , , , , , , , , , , , , , , , , , , ,  
"ts004_packet_simulator_onelink.bat","AIFlow","1.1.5.0","7","0.000000","0","20314521","0",20260427181151, 30, HTTPtext.scr, HTTP Text Transfer, TCP, 192.168.0.136, 192.168.0.156, , , , , , , , , , , , , , , , , , , , , , , , , , , , , , , , , , ,  
"ts004_packet_simulator_onelink.bat","AIFlow","1.1.5.0","7","0.000000","0","20314521","0",20260427181151, 30, HTTPtext.scr, HTTP Text Transfer, TCP, 192.168.0.136, 192.168.0.156, , , , , , , , , , , , , , , , , , , , , , , , , , , , , , , , , , ,  
"ts004_packet_simulator_onelink.bat","AIFlow","1.1.5.0","7","0.000000","0","20314521","0",20260427181151, 30, HTTPtext.scr, HTTP Text Transfer, TCP, 192.168.0.136, 192.168.0.156, , , , , , , , , , , , , , , , , , , , , , , , , , , , , , , , , , ,  
"ts004_packet_simulator_onelink.bat","AIFlow","1.1.5.0","7","0.000000","0","20314521","0",20260427181151, 30, HTTPtext.scr, HTTP Text Transfer, TCP, 192.168.0.136, 192.168.0.156, , , , , , , , , , , , , , , , , , , , , , , , , , , , , , , , , , ,  
"ts004_packet_simulator_onelink.bat","AIFlow","1.1.5.0","7","0.000000","0","20314521","0",20260427181151, 30, HTTPtext.scr, HTTP Text Transfer, TCP, 192.168.0.136, 192.168.0.156, , , , , , , , , , , , , , , , , , , , , , , , , , , , , , , , , , ,  
"ts004_packet_simulator_onelink.bat","AIFlow","1.1.5.0","7","0.000000","0","20314521","0",20260427181151, 30, HTTPtext.scr, HTTP Text Transfer, TCP, 192.168.0.136, 192.168.0.156, , , , , , , , , , , , , , , , , , , , , , , , , , , , , , , , , , ,  
"ts004_packet_simulator_onelink.bat","AIFlow","1.1.5.0","7","0.000000","0","20314521","0",20260427181151, 30, HTTPtext.scr, HTTP Text Transfer, TCP, 192.168.0.136, 192.168.0.156, , , , , , , , , , , , , , , , , , , , , , , , , , , , , , , , , , ,  
"ts004_packet_simulator_onelink.bat","AIFlow","1.1.5.0","7","0.000000","0","20314521","0",20260427181151, 30, HTTPtext.scr, HTTP Text Transfer, TCP, 192.168.0.136, 192.168.0.156, , , , , , , , , , , , , , , , , , , , , , , , , , , , , , , , , , ,  
"ts004_packet_simulator_onelink.bat","AIFlow","1.1.5.0","7","0.000000","0","20314521","0",20260427181151, 30, HTTPtext.scr, HTTP Text Transfer, TCP, 192.168.0.136, 192.168.0.156, , , , , , , , , , , , , , , , , , , , , , , , , , , , , , , , , , ,  
"ts004_packet_simulator_onelink.bat","AIFlow","1.1.5.0","7","0.000000","0","20314521","0",20260427181151, 30, HTTPtext.scr, HTTP Text Transfer, TCP, 192.168.0.136, 192.168.0.156, , , , , , , , , , , , , , , , , , , , , , , , , , , , , , , , , , ,  
"ts004_packet_simulator_onelink.bat","AIFlow","1.1.5.0","7","0.000000","0","20314521","0",20260427181151, 30, HTTPtext.scr, HTTP Text Transfer, TCP, 192.168.0.136, 192.168.0.156, , , , , , , , , , , , , , , , , , , , , , , , , , , , , , , , , , ,  
"ts004_packet_simulator_onelink.bat","AIFlow","1.1.5.0","7","0.000000","0","20314521","0",20260427181151, 30, HTTPtext.scr, HTTP Text Transfer, TCP, 192.168.0.136, 192.168.0.156, , , , , , , , , , , , , , , , , , , , , , , , , , , , , , , , , , ,  
"ts004_packet_simulator_onelink.bat","AIFlow","1.1.5.0","7","0.000000","0","20314521","0",20260427181151, 30, HTTPtext.scr, HTTP Text Transfer, TCP, 192.168.0.136, 192.168.0.156, , , , , , , , , , , , , , , , , , , , , , , , , , , , , , , , , , ,  
"ts004_packet_simulator_onelink.bat","AIFlow","1.1.5.0","7","0.000000","0","20314521","0",20260427181151, 30, HTTPtext.scr, HTTP Text Transfer, TCP, 192.168.0.136, 192.168.0.156, , , , , , , , , , , , , , , , , , , , , , , , , , , , , , , , , , ,  
"ts004_packet_simulator_onelink.bat","AIFlow","1.1.5.0","7","0.000000","0","20314521","0",20260427181151, 30, HTTPtext.scr, HTTP Text Transfer, TCP, 192.168.0.136, 192.168.0.156, , , , , , , , , , , , , , , , , , , , , , , , , , , , , , , , , , ,  
"ts004_packet_simulator_onelink.bat","AIFlow","1.1.5.0","7","0.000000","0","20314521","0",20260427181151, 30, HTTPtext.scr, HTTP Text Transfer, TCP, 192.168.0.136, 192.168.0.156, , , , , , , , , , , , , , , , , , , , , , , , , , , , , , , , , , ,  
"ts004_packet_simulator_onelink.bat","AIFlow","1.1.5.0","7","0.000000","0","20314521","0",20260427181151, 30, HTTPtext.scr, HTTP Text Transfer, TCP, 192.168.0.136, 192.168.0.156, , , , , , , , , , , , , , , , , , , , , , , , , , , , , , , , , , ,  
"ts004_packet_simulator_onelink.bat","AIFlow","1.1.5.0","7","0.000000","0","20314521","0",20260427181151, 30, HTTPtext.scr, HTTP Text Transfer, TCP, 192.168.0.136, 192.168.0.156, , , , , , , , , , , , , , , , , , , , , , , , , , , , , , , , , , ,  
"ts004_packet_simulator_onelink.bat","AIFlow","1.1.5.0","7","0.000000","0","20314521","0",20260427181151, 30, HTTPtext.scr, HTTP Text Transfer, TCP, 192.168.0.136, 192.168.0.156, , , , , , , , , , , , , , , , , , , , , , , , , , , , , , , , , , ,  
"ts004_packet_simulator_onelink.bat","AIFlow","1.1.5.0","7","0.000000","0","20314521","0",20260427181151, 30, HTTPtext.scr, HTTP Text Transfer, TCP, 192.168.0.136, 192.168.0.156, , , , , , , , , , , , , , , , , , , , , , , , , , , , , , , , , , ,  
"ts004_packet_simulator_onelink.bat","AIFlow","1.1.5.0","7","0.000000","0","20314521","0",20260427181151, 30, HTTPtext.scr, HTTP Text Transfer, TCP, 192.168.0.136, 192.168.0.156, , , , , , , , , , , , , , , , , , , , , , , , , , , , , , , , , , ,  
"ts004_packet_simulator_onelink.bat","AIFlow","1.1.5.0","7","0.000000","0","20314521","0",20260427181151, 30, HTTPtext.scr, HTTP Text Transfer, TCP, 192.168.0.136, 192.168.0.156, , , , , , , , , , , , , , , , , , , , , , , , , , , , , , , , , , ,  
"ts004_packet_simulator_onelink.bat","AIFlow","1.1.5.0","7","0.000000","0","20314521","0",20260427181151, 30, HTTPtext.scr, HTTP Text Transfer, TCP, 192.168.0.136, 192.168.0.156, , , , , , , , , , , , , , , , , , , , , , , , , , , , , , , , , , ,  
"ts004_packet_simulator_onelink.bat","AIFlow","1.1.5.0","8","6.211897","0","20741734","0",20260427181235, 30, HTTPtext.scr, HTTP Text Transfer, TCP, 192.168.0.136, 192.168.0.156, , , , , , , , , , , , , , , , , , , , , , , , , , , , , , , , , , ,  
"ts004_packet_simulator_onelink.bat","AIFlow","1.1.5.0","8","6.211897","0","20741734","0",20260427181235, 30, HTTPtext.scr, HTTP Text Transfer, TCP, 192.168.0.136, 192.168.0.156, , , , , , , , , , , , , , , , , , , , , , , , , , , , , , , , , , ,  
"ts004_packet_simulator_onelink.bat","AIFlow","1.1.5.0","8","6.211897","0","20741734","0",20260427181235, 30, HTTPtext.scr, HTTP Text Transfer, TCP, 192.168.0.136, 192.168.0.156, , , , , , , , , , , , , , , , , , , , , , , , , , , , , , , , , , ,  
"ts004_packet_simulator_onelink.bat","AIFlow","1.1.5.0","8","6.211897","0","20741734","0",20260427181235, 30, HTTPtext.scr, HTTP Text Transfer, TCP, 192.168.0.136, 192.168.0.156, , , , , , , , , , , , , , , , , , , , , , , , , , , , , , , , , , ,  
"ts004_packet_simulator_onelink.bat","AIFlow","1.1.5.0","8","6.211897","0","20741734","0",20260427181235, 30, HTTPtext.scr, HTTP Text Transfer, TCP, 192.168.0.136, 192.168.0.156, , , , , , , , , , , , , , , , , , , , , , , , , , , , , , , , , , ,  
"ts004_packet_simulator_onelink.bat","AIFlow","1.1.5.0","8","6.211897","0","20741734","0",20260427181235, 30, HTTPtext.scr, HTTP Text Transfer, TCP, 192.168.0.136, 192.168.0.156, , , , , , , , , , , , , , , , , , , , , , , , , , , , , , , , , , ,  
"ts004_packet_simulator_onelink.bat","AIFlow","1.1.5.0","8","6.211897","0","20741734","0",20260427181235, 30, HTTPtext.scr, HTTP Text Transfer, TCP, 192.168.0.136, 192.168.0.156, , , , , , , , , , , , , , , , , , , , , , , , , , , , , , , , , , ,  
"ts004_packet_simulator_onelink.bat","AIFlow","1.1.5.0","8","6.211897","0","20741734","0",20260427181235, 30, HTTPtext.scr, HTTP Text Transfer, TCP, 192.168.0.136, 192.168.0.156, , , , , , , , , , , , , , , , , , , , , , , , , , , , , , , , , , ,  
"ts004_packet_simulator_onelink.bat","AIFlow","1.1.5.0","8","6.211897","0","20741734","0",20260427181235, 30, HTTPtext.scr, HTTP Text Transfer, TCP, 192.168.0.136, 192.168.0.156, , , , , , , , , , , , , , , , , , , , , , , , , , , , , , , , , , ,  
"ts004_packet_simulator_onelink.bat","AIFlow","1.1.5.0","8","6.211897","0","20741734","0",20260427181235, 30, HTTPtext.scr, HTTP Text Transfer, TCP, 192.168.0.136, 192.168.0.156, , , , , , , , , , , , , , , , , , , , , , , , , , , , , , , , , , ,  
"ts004_packet_simulator_onelink.bat","AIFlow","1.1.5.0","8","6.211897","0","20741734","0",20260427181235, 30, HTTPtext.scr, HTTP Text Transfer, TCP, 192.168.0.136, 192.168.0.156, , , , , , , , , , , , , , , , , , , , , , , , , , , , , , , , , , ,  
"ts004_packet_simulator_onelink.bat","AIFlow","1.1.5.0","8","6.211897","0","20741734","0",20260427181235, 30, HTTPtext.scr, HTTP Text Transfer, TCP, 192.168.0.136, 192.168.0.156, , , , , , , , , , , , , , , , , , , , , , , , , , , , , , , , , , ,  
"ts004_packet_simulator_onelink.bat","AIFlow","1.1.5.0","8","6.211897","0","20741734","0",20260427181235, 30, HTTPtext.scr, HTTP Text Transfer, TCP, 192.168.0.136, 192.168.0.156, , , , , , , , , , , , , , , , , , , , , , , , , , , , , , , , , , ,  
"ts004_packet_simulator_onelink.bat","AIFlow","1.1.5.0","8","6.211897","0","20741734","0",20260427181235, 30, HTTPtext.scr, HTTP Text Transfer, TCP, 192.168.0.136, 192.168.0.156, , , , , , , , , , , , , , , , , , , , , , , , , , , , , , , , , , ,  
"ts004_packet_simulator_onelink.bat","AIFlow","1.1.5.0","8","6.211897","0","20741734","0",20260427181235, 30, HTTPtext.scr, HTTP Text Transfer, TCP, 192.168.0.136, 192.168.0.156, , , , , , , , , , , , , , , , , , , , , , , , , , , , , , , , , , ,  
"ts004_packet_simulator_onelink.bat","AIFlow","1.1.5.0","8","6.211897","0","20741734","0",20260427181235, 30, HTTPtext.scr, HTTP Text Transfer, TCP, 192.168.0.136, 192.168.0.156, , , , , , , , , , , , , , , , , , , , , , , , , , , , , , , , , , ,  
"ts004_packet_simulator_onelink.bat","AIFlow","1.1.5.0","8","6.211897","0","20741734","0",20260427181235, 30, HTTPtext.scr, HTTP Text Transfer, TCP, 192.168.0.136, 192.168.0.156, , , , , , , , , , , , , , , , , , , , , , , , , , , , , , , , , , ,  
"ts004_packet_simulator_onelink.bat","AIFlow","1.1.5.0","8","6.211897","0","20741734","0",20260427181235, 30, HTTPtext.scr, HTTP Text Transfer, TCP, 192.168.0.136, 192.168.0.156, , , , , , , , , , , , , , , , , , , , , , , , , , , , , , , , , , ,  
"ts004_packet_simulator_onelink.bat","AIFlow","1.1.5.0","8","6.211897","0","20741734","0",20260427181235, 30, HTTPtext.scr, HTTP Text Transfer, TCP, 192.168.0.136, 192.168.0.156, , , , , , , , , , , , , , , , , , , , , , , , , , , , , , , , , , ,  
"ts004_packet_simulator_onelink.bat","AIFlow","1.1.5.0","8","6.211897","0","20741734","0",20260427181235, 30, HTTPtext.scr, HTTP Text Transfer, TCP, 192.168.0.136, 192.168.0.156, , , , , , , , , , , , , , , , , , , , , , , , , , , , , , , , , , ,  
"ts004_packet_simulator_onelink.bat","AIFlow","1.1.5.0","8","6.211897","0","20741734","0",20260427181235, 30, HTTPtext.scr, HTTP Text Transfer, TCP, 192.168.0.136, 192.168.0.156, , , , , , , , , , , , , , , , , , , , , , , , , , , , , , , , , , ,  
"ts004_packet_simulator_onelink.bat","AIFlow","1.1.5.0","8","6.211897","0","20741734","0",20260427181235, 30, HTTPtext.scr, HTTP Text Transfer, TCP, 192.168.0.136, 192.168.0.156, , , , , , , , , , , , , , , , , , , , , , , , , , , , , , , , , , ,  
"ts004_packet_simulator_onelink.bat","AIFlow","1.1.5.0","8","6.211897","0","20741734","0",20260427181235, 30, HTTPtext.scr, HTTP Text Transfer, TCP, 192.168.0.136, 192.168.0.156, , , , , , , , , , , , , , , , , , , , , , , , , , , , , , , , , , ,  
"ts004_packet_simulator_onelink.bat","AIFlow","1.1.5.0","8","6.211897","0","20741734","0",20260427181235, 30, HTTPtext.scr, HTTP Text Transfer, TCP, 192.168.0.136, 192.168.0.156, , , , , , , , , , , , , , , , , , , , , , , , , , , , , , , , , , ,  
"ts004_packet_simulator_onelink.bat","AIFlow","1.1.5.0","8","6.211897","0","20741734","0",20260427181235, 30, HTTPtext.scr, HTTP Text Transfer, TCP, 192.168.0.136, 192.168.0.156, , , , , , , , , , , , , , , , , , , , , , , , , , , , , , , , , , ,  
"ts004_packet_simulator_onelink.bat","AIFlow","1.1.5.0","8","6.211897","0","20741734","0",20260427181235, 30, HTTPtext.scr, HTTP Text Transfer, TCP, 192.168.0.136, 192.168.0.156, , , , , , , , , , , , , , , , , , , , , , , , , , , , , , , , , , ,  
"ts004_packet_simulator_onelink.bat","AIFlow","1.1.5.0","8","6.211897","0","20741734","0",20260427181235, 30, HTTPtext.scr, HTTP Text Transfer, TCP, 192.168.0.136, 192.168.0.156, , , , , , , , , , , , , , , , , , , , , , , , , , , , , , , , , , ,  
"ts004_packet_simulator_onelink.bat","AIFlow","1.1.5.0","8","6.211897","0","20741734","0",20260427181235, 30, HTTPtext.scr, HTTP Text Transfer, TCP, 192.168.0.136, 192.168.0.156, , , , , , , , , , , , , , , , , , , , , , , , , , , , , , , , , , ,  
"ts004_packet_simulator_onelink.bat","AIFlow","1.1.5.0","8","6.211897","0","20741734","0",20260427181235, 30, HTTPtext.scr, HTTP Text Transfer, TCP, 192.168.0.136, 192.168.0.156, , , , , , , , , , , , , , , , , , , , , , , , , , , , , , , , , , ,  
"ts004_packet_simulator_onelink.bat","AIFlow","1.1.5.0","8","6.211897","0","20741734","0",20260427181235, 30, HTTPtext.scr, HTTP Text Transfer, TCP, 192.168.0.136, 192.168.0.156, , , , , , , , , , , , , , , , , , , , , , , , , , , , , , , , , , ,  
"ts004_packet_simulator_onelink.bat","AIFlow","1.1.5.0","8","6.211897","0","20741734","0",20260427181235, 30, HTTPtext.scr, HTTP Text Transfer, TCP, 192.168.0.136, 192.168.0.156, , , , , , , , , , , , , , , , , , , , , , , , , , , , , , , , , , ,  
"ts004_packet_simulator_onelink.bat","AIFlow","1.1.5.0","8","6.211897","0","20741734","0",20260427181235, 30, HTTPtext.scr, HTTP Text Transfer, TCP, 192.168.0.136, 192.168.0.156, , , , , , , , , , , , , , , , , , , , , , , , , , , , , , , , , , ,  
"ts004_packet_simulator_onelink.bat","AIFlow","1.1.5.0","9","12.29176","0","20574208","0",20260427182145, 30, HTTPtext.scr, HTTP Text Transfer, TCP, 192.168.0.136, 192.168.0.156, , , , , , , , , , , , , , , , , , , , , , , , , , , , , , , , , , ,  
"ts004_packet_simulator_onelink.bat","AIFlow","1.1.5.0","9","12.29176","0","20574208","0",20260427182145, 30, HTTPtext.scr, HTTP Text Transfer, TCP, 192.168.0.136, 192.168.0.156, , , , , , , , , , , , , , , , , , , , , , , , , , , , , , , , , , ,  
"ts004_packet_simulator_onelink.bat","AIFlow","1.1.5.0","9","12.29176","0","20574208","0",20260427182145, 30, HTTPtext.scr, HTTP Text Transfer, TCP, 192.168.0.136, 192.168.0.156, , , , , , , , , , , , , , , , , , , , , , , , , , , , , , , , , , ,  
"ts004_packet_simulator_onelink.bat","AIFlow","1.1.5.0","9","12.29176","0","20574208","0",20260427182145, 30, HTTPtext.scr, HTTP Text Transfer, TCP, 192.168.0.136, 192.168.0.156, , , , , , , , , , , , , , , , , , , , , , , , , , , , , , , , , , ,  
"ts004_packet_simulator_onelink.bat","AIFlow","1.1.5.0","9","12.29176","0","20574208","0",20260427182145, 30, HTTPtext.scr, HTTP Text Transfer, TCP, 192.168.0.136, 192.168.0.156, , , , , , , , , , , , , , , , , , , , , , , , , , , , , , , , , , ,  
"ts004_packet_simulator_onelink.bat","AIFlow","1.1.5.0","9","12.29176","0","20574208","0",20260427182145, 30, HTTPtext.scr, HTTP Text Transfer, TCP, 192.168.0.136, 192.168.0.156, , , , , , , , , , , , , , , , , , , , , , , , , , , , , , , , , , ,  
"ts004_packet_simulator_onelink.bat","AIFlow","1.1.5.0","9","12.29176","0","20574208","0",20260427182145, 30, HTTPtext.scr, HTTP Text Transfer, TCP, 192.168.0.136, 192.168.0.156, , , , , , , , , , , , , , , , , , , , , , , , , , , , , , , , , , ,  
"ts004_packet_simulator_onelink.bat","AIFlow","1.1.5.0","9","12.29176","0","20574208","0",20260427182145, 30, HTTPtext.scr, HTTP Text Transfer, TCP, 192.168.0.136, 192.168.0.156, , , , , , , , , , , , , , , , , , , , , , , , , , , , , , , , , , ,  
"ts004_packet_simulator_onelink.bat","AIFlow","1.1.5.0","9","12.29176","0","20574208","0",20260427182145, 30, HTTPtext.scr, HTTP Text Transfer, TCP, 192.168.0.136, 192.168.0.156, , , , , , , , , , , , , , , , , , , , , , , , , , , , , , , , , , ,  
"ts004_packet_simulator_onelink.bat","AIFlow","1.1.5.0","9","12.29176","0","20574208","0",20260427182145, 30, HTTPtext.scr, HTTP Text Transfer, TCP, 192.168.0.136, 192.168.0.156, , , , , , , , , , , , , , , , , , , , , , , , , , , , , , , , , , ,  
"ts004_packet_simulator_onelink.bat","AIFlow","1.1.5.0","9","12.29176","0","20574208","0",20260427182145, 30, HTTPtext.scr, HTTP Text Transfer, TCP, 192.168.0.136, 192.168.0.156, , , , , , , , , , , , , , , , , , , , , , , , , , , , , , , , , , ,  
"ts004_packet_simulator_onelink.bat","AIFlow","1.1.5.0","9","12.29176","0","20574208","0",20260427182145, 30, HTTPtext.scr, HTTP Text Transfer, TCP, 192.168.0.136, 192.168.0.156, , , , , , , , , , , , , , , , , , , , , , , , , , , , , , , , , , ,  
"ts004_packet_simulator_onelink.bat","AIFlow","1.1.5.0","9","12.29176","0","20574208","0",20260427182145, 30, HTTPtext.scr, HTTP Text Transfer, TCP, 192.168.0.136, 192.168.0.156, , , , , , , , , , , , , , , , , , , , , , , , , , , , , , , , , , ,  
"ts004_packet_simulator_onelink.bat","AIFlow","1.1.5.0","9","12.29176","0","20574208","0",20260427182145, 30, HTTPtext.scr, HTTP Text Transfer, TCP, 192.168.0.136, 192.168.0.156, , , , , , , , , , , , , , , , , , , , , , , , , , , , , , , , , , ,  
"ts004_packet_simulator_onelink.bat","AIFlow","1.1.5.0","9","12.29176","0","20574208","0",20260427182145, 30, HTTPtext.scr, HTTP Text Transfer, TCP, 192.168.0.136, 192.168.0.156, , , , , , , , , , , , , , , , , , , , , , , , , , , , , , , , , , ,  
"ts004_packet_simulator_onelink.bat","AIFlow","1.1.5.0","9","12.29176","0","20574208","0",20260427182145, 30, HTTPtext.scr, HTTP Text Transfer, TCP, 192.168.0.136, 192.168.0.156, , , , , , , , , , , , , , , , , , , , , , , , , , , , , , , , , , ,  
"ts004_packet_simulator_onelink.bat","AIFlow","1.1.5.0","9","12.29176","0","20574208","0",20260427182145, 30, HTTPtext.scr, HTTP Text Transfer, TCP, 192.168.0.136, 192.168.0.156, , , , , , , , , , , , , , , , , , , , , , , , , , , , , , , , , , ,  
"ts004_packet_simulator_onelink.bat","AIFlow","1.1.5.0","9","12.29176","0","20574208","0",20260427182145, 30, HTTPtext.scr, HTTP Text Transfer, TCP, 192.168.0.136, 192.168.0.156, , , , , , , , , , , , , , , , , , , , , , , , , , , , , , , , , , ,  
"ts004_packet_simulator_onelink.bat","AIFlow","1.1.5.0","9","12.29176","0","20574208","0",20260427182145, 30, HTTPtext.scr, HTTP Text Transfer, TCP, 192.168.0.136, 192.168.0.156, , , , , , , , , , , , , , , , , , , , , , , , , , , , , , , , , , ,  
"ts004_packet_simulator_onelink.bat","AIFlow","1.1.5.0","9","12.29176","0","20574208","0",20260427182145, 30, HTTPtext.scr, HTTP Text Transfer, TCP, 192.168.0.136, 192.168.0.156, , , , , , , , , , , , , , , , , , , , , , , , , , , , , , , , , , ,  
"ts004_packet_simulator_onelink.bat","AIFlow","1.1.5.0","9","12.29176","0","20574208","0",20260427182145, 30, HTTPtext.scr, HTTP Text Transfer, TCP, 192.168.0.136, 192.168.0.156, , , , , , , , , , , , , , , , , , , , , , , , , , , , , , , , , , ,  
"ts004_packet_simulator_onelink.bat","AIFlow","1.1.5.0","9","12.29176","0","20574208","0",20260427182145, 30, HTTPtext.scr, HTTP Text Transfer, TCP, 192.168.0.136, 192.168.0.156, , , , , , , , , , , , , , , , , , , , , , , , , , , , , , , , , , ,  
"ts004_packet_simulator_onelink.bat","AIFlow","1.1.5.0","9","12.29176","0","20574208","0",20260427182145, 30, HTTPtext.scr, HTTP Text Transfer, TCP, 192.168.0.136, 192.168.0.156, , , , , , , , , , , , , , , , , , , , , , , , , , , , , , , , , , ,  
"ts004_packet_simulator_onelink.bat","AIFlow","1.1.5.0","9","12.29176","0","20574208","0",20260427182145, 30, HTTPtext.scr, HTTP Text Transfer, TCP, 192.168.0.136, 192.168.0.156, , , , , , , , , , , , , , , , , , , , , , , , , , , , , , , , , , ,  
"ts004_packet_simulator_onelink.bat","AIFlow","1.1.5.0","9","12.29176","0","20574208","0",20260427182145, 30, HTTPtext.scr, HTTP Text Transfer, TCP, 192.168.0.136, 192.168.0.156, , , , , , , , , , , , , , , , , , , , , , , , , , , , , , , , , , ,  
"ts004_packet_simulator_onelink.bat","AIFlow","1.1.5.0","9","12.29176","0","20574208","0",20260427182145, 30, HTTPtext.scr, HTTP Text Transfer, TCP, 192.168.0.136, 192.168.0.156, , , , , , , , , , , , , , , , , , , , , , , , , , , , , , , , , , ,  
"ts004_packet_simulator_onelink.bat","AIFlow","1.1.5.0","9","12.29176","0","20574208","0",20260427182145, 30, HTTPtext.scr, HTTP Text Transfer, TCP, 192.168.0.136, 192.168.0.156, , , , , , , , , , , , , , , , , , , , , , , , , , , , , , , , , , ,  
"ts004_packet_simulator_onelink.bat","AIFlow","1.1.5.0","9","12.29176","0","20574208","0",20260427182145, 30, HTTPtext.scr, HTTP Text Transfer, TCP, 192.168.0.136, 192.168.0.156, , , , , , , , , , , , , , , , , , , , , , , , , , , , , , , , , , ,  
"ts004_packet_simulator_onelink.bat","AIFlow","1.1.5.0","9","12.29176","0","20574208","0",20260427182145, 30, HTTPtext.scr, HTTP Text Transfer, TCP, 192.168.0.136, 192.168.0.156, , , , , , , , , , , , , , , , , , , , , , , , , , , , , , , , , , ,  
"ts004_packet_simulator_onelink.bat","AIFlow","1.1.5.0","9","12.29176","0","20574208","0",20260427182145, 30, HTTPtext.scr, HTTP Text Transfer, TCP, 192.168.0.136, 192.168.0.156, , , , , , , , , , , , , , , , , , , , , , , , , , , , , , , , , , ,  
"ts004_packet_simulator_onelink.bat","AIFlow","1.1.5.0","9","12.29176","0","20574208","0",20260427182145, 30, HTTPtext.scr, HTTP Text Transfer, TCP, 192.168.0.136, 192.168.0.156, , , , , , , , , , , , , , , , , , , , , , , , , , , , , , , , , , ,  
"ts004_packet_simulator_onelink.bat","AIFlow","1.1.5.0","9","12.29176","0","20574208","0",20260427182145, 30, HTTPtext.scr, HTTP Text Transfer, TCP, 192.168.0.136, 192.168.0.156, , , , , , , , , , , , , , , , , , , , , , , , , , , , , , , , , , ,  
"ts004_packet_simulator_onelink.bat","AIFlow","1.1.5.0","10","12.44128","0","21316403","0",20260427182228, 30, HTTPtext.scr, HTTP Text Transfer, TCP, 192.168.0.136, 192.168.0.156, , , , , , , , , , , , , , , , , , , , , , , , , , , , , , , , , , ,  
"ts004_packet_simulator_onelink.bat","AIFlow","1.1.5.0","10","12.44128","0","21316403","0",20260427182228, 30, HTTPtext.scr, HTTP Text Transfer, TCP, 192.168.0.136, 192.168.0.156, , , , , , , , , , , , , , , , , , , , , , , , , , , , , , , , , , ,  
"ts004_packet_simulator_onelink.bat","AIFlow","1.1.5.0","10","12.44128","0","21316403","0",20260427182228, 30, HTTPtext.scr, HTTP Text Transfer, TCP, 192.168.0.136, 192.168.0.156, , , , , , , , , , , , , , , , , , , , , , , , , , , , , , , , , , ,  
"ts004_packet_simulator_onelink.bat","AIFlow","1.1.5.0","10","12.44128","0","21316403","0",20260427182228, 30, HTTPtext.scr, HTTP Text Transfer, TCP, 192.168.0.136, 192.168.0.156, , , , , , , , , , , , , , , , , , , , , , , , , , , , , , , , , , ,  
"ts004_packet_simulator_onelink.bat","AIFlow","1.1.5.0","10","12.44128","0","21316403","0",20260427182228, 30, HTTPtext.scr, HTTP Text Transfer, TCP, 192.168.0.136, 192.168.0.156, , , , , , , , , , , , , , , , , , , , , , , , , , , , , , , , , , ,  
"ts004_packet_simulator_onelink.bat","AIFlow","1.1.5.0","10","12.44128","0","21316403","0",20260427182228, 30, HTTPtext.scr, HTTP Text Transfer, TCP, 192.168.0.136, 192.168.0.156, , , , , , , , , , , , , , , , , , , , , , , , , , , , , , , , , , ,  
"ts004_packet_simulator_onelink.bat","AIFlow","1.1.5.0","10","12.44128","0","21316403","0",20260427182228, 30, HTTPtext.scr, HTTP Text Transfer, TCP, 192.168.0.136, 192.168.0.156, , , , , , , , , , , , , , , , , , , , , , , , , , , , , , , , , , ,  
"ts004_packet_simulator_onelink.bat","AIFlow","1.1.5.0","10","12.44128","0","21316403","0",20260427182228, 30, HTTPtext.scr, HTTP Text Transfer, TCP, 192.168.0.136, 192.168.0.156, , , , , , , , , , , , , , , , , , , , , , , , , , , , , , , , , , ,  
"ts004_packet_simulator_onelink.bat","AIFlow","1.1.5.0","10","12.44128","0","21316403","0",20260427182228, 30, HTTPtext.scr, HTTP Text Transfer, TCP, 192.168.0.136, 192.168.0.156, , , , , , , , , , , , , , , , , , , , , , , , , , , , , , , , , , ,  
"ts004_packet_simulator_onelink.bat","AIFlow","1.1.5.0","10","12.44128","0","21316403","0",20260427182228, 30, HTTPtext.scr, HTTP Text Transfer, TCP, 192.168.0.136, 192.168.0.156, , , , , , , , , , , , , , , , , , , , , , , , , , , , , , , , , , ,  
"ts004_packet_simulator_onelink.bat","AIFlow","1.1.5.0","10","12.44128","0","21316403","0",20260427182228, 30, HTTPtext.scr, HTTP Text Transfer, TCP, 192.168.0.136, 192.168.0.156, , , , , , , , , , , , , , , , , , , , , , , , , , , , , , , , , , ,  
"ts004_packet_simulator_onelink.bat","AIFlow","1.1.5.0","10","12.44128","0","21316403","0",20260427182228, 30, HTTPtext.scr, HTTP Text Transfer, TCP, 192.168.0.136, 192.168.0.156, , , , , , , , , , , , , , , , , , , , , , , , , , , , , , , , , , ,  
"ts004_packet_simulator_onelink.bat","AIFlow","1.1.5.0","10","12.44128","0","21316403","0",20260427182228, 30, HTTPtext.scr, HTTP Text Transfer, TCP, 192.168.0.136, 192.168.0.156, , , , , , , , , , , , , , , , , , , , , , , , , , , , , , , , , , ,  
"ts004_packet_simulator_onelink.bat","AIFlow","1.1.5.0","10","12.44128","0","21316403","0",20260427182228, 30, HTTPtext.scr, HTTP Text Transfer, TCP, 192.168.0.136, 192.168.0.156, , , , , , , , , , , , , , , , , , , , , , , , , , , , , , , , , , ,  
"ts004_packet_simulator_onelink.bat","AIFlow","1.1.5.0","10","12.44128","0","21316403","0",20260427182228, 30, HTTPtext.scr, HTTP Text Transfer, TCP, 192.168.0.136, 192.168.0.156, , , , , , , , , , , , , , , , , , , , , , , , , , , , , , , , , , ,  
"ts004_packet_simulator_onelink.bat","AIFlow","1.1.5.0","10","12.44128","0","21316403","0",20260427182228, 30, HTTPtext.scr, HTTP Text Transfer, TCP, 192.168.0.136, 192.168.0.156, , , , , , , , , , , , , , , , , , , , , , , , , , , , , , , , , , ,  
"ts004_packet_simulator_onelink.bat","AIFlow","1.1.5.0","10","12.44128","0","21316403","0",20260427182228, 30, HTTPtext.scr, HTTP Text Transfer, TCP, 192.168.0.136, 192.168.0.156, , , , , , , , , , , , , , , , , , , , , , , , , , , , , , , , , , ,  
"ts004_packet_simulator_onelink.bat","AIFlow","1.1.5.0","10","12.44128","0","21316403","0",20260427182228, 30, HTTPtext.scr, HTTP Text Transfer, TCP, 192.168.0.136, 192.168.0.156, , , , , , , , , , , , , , , , , , , , , , , , , , , , , , , , , , ,  
"ts004_packet_simulator_onelink.bat","AIFlow","1.1.5.0","10","12.44128","0","21316403","0",20260427182228, 30, HTTPtext.scr, HTTP Text Transfer, TCP, 192.168.0.136, 192.168.0.156, , , , , , , , , , , , , , , , , , , , , , , , , , , , , , , , , , ,  
"ts004_packet_simulator_onelink.bat","AIFlow","1.1.5.0","10","12.44128","0","21316403","0",20260427182228, 30, HTTPtext.scr, HTTP Text Transfer, TCP, 192.168.0.136, 192.168.0.156, , , , , , , , , , , , , , , , , , , , , , , , , , , , , , , , , , ,  
"ts004_packet_simulator_onelink.bat","AIFlow","1.1.5.0","10","12.44128","0","21316403","0",20260427182228, 30, HTTPtext.scr, HTTP Text Transfer, TCP, 192.168.0.136, 192.168.0.156, , , , , , , , , , , , , , , , , , , , , , , , , , , , , , , , , , ,  
"ts004_packet_simulator_onelink.bat","AIFlow","1.1.5.0","10","12.44128","0","21316403","0",20260427182228, 30, HTTPtext.scr, HTTP Text Transfer, TCP, 192.168.0.136, 192.168.0.156, , , , , , , , , , , , , , , , , , , , , , , , , , , , , , , , , , ,  
"ts004_packet_simulator_onelink.bat","AIFlow","1.1.5.0","10","12.44128","0","21316403","0",20260427182228, 30, HTTPtext.scr, HTTP Text Transfer, TCP, 192.168.0.136, 192.168.0.156, , , , , , , , , , , , , , , , , , , , , , , , , , , , , , , , , , ,  
"ts004_packet_simulator_onelink.bat","AIFlow","1.1.5.0","10","12.44128","0","21316403","0",20260427182228, 30, HTTPtext.scr, HTTP Text Transfer, TCP, 192.168.0.136, 192.168.0.156, , , , , , , , , , , , , , , , , , , , , , , , , , , , , , , , , , ,  
"ts004_packet_simulator_onelink.bat","AIFlow","1.1.5.0","10","12.44128","0","21316403","0",20260427182228, 30, HTTPtext.scr, HTTP Text Transfer, TCP, 192.168.0.136, 192.168.0.156, , , , , , , , , , , , , , , , , , , , , , , , , , , , , , , , , , ,  
"ts004_packet_simulator_onelink.bat","AIFlow","1.1.5.0","10","12.44128","0","21316403","0",20260427182228, 30, HTTPtext.scr, HTTP Text Transfer, TCP, 192.168.0.136, 192.168.0.156, , , , , , , , , , , , , , , , , , , , , , , , , , , , , , , , , , ,  
"ts004_packet_simulator_onelink.bat","AIFlow","1.1.5.0","10","12.44128","0","21316403","0",20260427182228, 30, HTTPtext.scr, HTTP Text Transfer, TCP, 192.168.0.136, 192.168.0.156, , , , , , , , , , , , , , , , , , , , , , , , , , , , , , , , , , ,  
"ts004_packet_simulator_onelink.bat","AIFlow","1.1.5.0","10","12.44128","0","21316403","0",20260427182228, 30, HTTPtext.scr, HTTP Text Transfer, TCP, 192.168.0.136, 192.168.0.156, , , , , , , , , , , , , , , , , , , , , , , , , , , , , , , , , , ,  
"ts004_packet_simulator_onelink.bat","AIFlow","1.1.5.0","10","12.44128","0","21316403","0",20260427182228, 30, HTTPtext.scr, HTTP Text Transfer, TCP, 192.168.0.136, 192.168.0.156, , , , , , , , , , , , , , , , , , , , , , , , , , , , , , , , , , ,  
"ts004_packet_simulator_onelink.bat","AIFlow","1.1.5.0","10","12.44128","0","21316403","0",20260427182228, 30, HTTPtext.scr, HTTP Text Transfer, TCP, 192.168.0.136, 192.168.0.156, , , , , , , , , , , , , , , , , , , , , , , , , , , , , , , , , , ,  
"ts004_packet_simulator_onelink.bat","AIFlow","1.1.5.0","10","12.44128","0","21316403","0",20260427182228, 30, HTTPtext.scr, HTTP Text Transfer, TCP, 192.168.0.136, 192.168.0.156, , , , , , , , , , , , , , , , , , , , , , , , , , , , , , , , , , ,  
"ts004_packet_simulator_onelink.bat","AIFlow","1.1.5.0","10","12.44128","0","21316403","0",20260427182228, 30, HTTPtext.scr, HTTP Text Transfer, TCP, 192.168.0.136, 192.168.0.156, , , , , , , , , , , , , , , , , , , , , , , , , , , , , , , , , , ,  
"ts004_packet_simulator_onelink.bat","AIFlow","1.1.5.0","11","10.86461","0","20680294","0",20260427182312, 30, HTTPtext.scr, HTTP Text Transfer, TCP, 192.168.0.136, 192.168.0.156, , , , , , , , , , , , , , , , , , , , , , , , , , , , , , , , , , ,  
"ts004_packet_simulator_onelink.bat","AIFlow","1.1.5.0","11","10.86461","0","20680294","0",20260427182312, 30, HTTPtext.scr, HTTP Text Transfer, TCP, 192.168.0.136, 192.168.0.156, , , , , , , , , , , , , , , , , , , , , , , , , , , , , , , , , , ,  
"ts004_packet_simulator_onelink.bat","AIFlow","1.1.5.0","11","10.86461","0","20680294","0",20260427182312, 30, HTTPtext.scr, HTTP Text Transfer, TCP, 192.168.0.136, 192.168.0.156, , , , , , , , , , , , , , , , , , , , , , , , , , , , , , , , , , ,  
"ts004_packet_simulator_onelink.bat","AIFlow","1.1.5.0","11","10.86461","0","20680294","0",20260427182312, 30, HTTPtext.scr, HTTP Text Transfer, TCP, 192.168.0.136, 192.168.0.156, , , , , , , , , , , , , , , , , , , , , , , , , , , , , , , , , , ,  
"ts004_packet_simulator_onelink.bat","AIFlow","1.1.5.0","11","10.86461","0","20680294","0",20260427182312, 30, HTTPtext.scr, HTTP Text Transfer, TCP, 192.168.0.136, 192.168.0.156, , , , , , , , , , , , , , , , , , , , , , , , , , , , , , , , , , ,  
"ts004_packet_simulator_onelink.bat","AIFlow","1.1.5.0","11","10.86461","0","20680294","0",20260427182312, 30, HTTPtext.scr, HTTP Text Transfer, TCP, 192.168.0.136, 192.168.0.156, , , , , , , , , , , , , , , , , , , , , , , , , , , , , , , , , , ,  
"ts004_packet_simulator_onelink.bat","AIFlow","1.1.5.0","11","10.86461","0","20680294","0",20260427182312, 30, HTTPtext.scr, HTTP Text Transfer, TCP, 192.168.0.136, 192.168.0.156, , , , , , , , , , , , , , , , , , , , , , , , , , , , , , , , , , ,  
"ts004_packet_simulator_onelink.bat","AIFlow","1.1.5.0","11","10.86461","0","20680294","0",20260427182312, 30, HTTPtext.scr, HTTP Text Transfer, TCP, 192.168.0.136, 192.168.0.156, , , , , , , , , , , , , , , , , , , , , , , , , , , , , , , , , , ,  
"ts004_packet_simulator_onelink.bat","AIFlow","1.1.5.0","11","10.86461","0","20680294","0",20260427182312, 30, HTTPtext.scr, HTTP Text Transfer, TCP, 192.168.0.136, 192.168.0.156, , , , , , , , , , , , , , , , , , , , , , , , , , , , , , , , , , ,  
"ts004_packet_simulator_onelink.bat","AIFlow","1.1.5.0","11","10.86461","0","20680294","0",20260427182312, 30, HTTPtext.scr, HTTP Text Transfer, TCP, 192.168.0.136, 192.168.0.156, , , , , , , , , , , , , , , , , , , , , , , , , , , , , , , , , , ,  
"ts004_packet_simulator_onelink.bat","AIFlow","1.1.5.0","11","10.86461","0","20680294","0",20260427182312, 30, HTTPtext.scr, HTTP Text Transfer, TCP, 192.168.0.136, 192.168.0.156, , , , , , , , , , , , , , , , , , , , , , , , , , , , , , , , , , ,  
"ts004_packet_simulator_onelink.bat","AIFlow","1.1.5.0","11","10.86461","0","20680294","0",20260427182312, 30, HTTPtext.scr, HTTP Text Transfer, TCP, 192.168.0.136, 192.168.0.156, , , , , , , , , , , , , , , , , , , , , , , , , , , , , , , , , , ,  
"ts004_packet_simulator_onelink.bat","AIFlow","1.1.5.0","11","10.86461","0","20680294","0",20260427182312, 30, HTTPtext.scr, HTTP Text Transfer, TCP, 192.168.0.136, 192.168.0.156, , , , , , , , , , , , , , , , , , , , , , , , , , , , , , , , , , ,  
"ts004_packet_simulator_onelink.bat","AIFlow","1.1.5.0","11","10.86461","0","20680294","0",20260427182312, 30, HTTPtext.scr, HTTP Text Transfer, TCP, 192.168.0.136, 192.168.0.156, , , , , , , , , , , , , , , , , , , , , , , , , , , , , , , , , , ,  
"ts004_packet_simulator_onelink.bat","AIFlow","1.1.5.0","11","10.86461","0","20680294","0",20260427182312, 30, HTTPtext.scr, HTTP Text Transfer, TCP, 192.168.0.136, 192.168.0.156, , , , , , , , , , , , , , , , , , , , , , , , , , , , , , , , , , ,  
"ts004_packet_simulator_onelink.bat","AIFlow","1.1.5.0","11","10.86461","0","20680294","0",20260427182312, 30, HTTPtext.scr, HTTP Text Transfer, TCP, 192.168.0.136, 192.168.0.156, , , , , , , , , , , , , , , , , , , , , , , , , , , , , , , , , , ,  
"ts004_packet_simulator_onelink.bat","AIFlow","1.1.5.0","11","10.86461","0","20680294","0",20260427182312, 30, HTTPtext.scr, HTTP Text Transfer, TCP, 192.168.0.136, 192.168.0.156, , , , , , , , , , , , , , , , , , , , , , , , , , , , , , , , , , ,  
"ts004_packet_simulator_onelink.bat","AIFlow","1.1.5.0","11","10.86461","0","20680294","0",20260427182312, 30, HTTPtext.scr, HTTP Text Transfer, TCP, 192.168.0.136, 192.168.0.156, , , , , , , , , , , , , , , , , , , , , , , , , , , , , , , , , , ,  
"ts004_packet_simulator_onelink.bat","AIFlow","1.1.5.0","11","10.86461","0","20680294","0",20260427182312, 30, HTTPtext.scr, HTTP Text Transfer, TCP, 192.168.0.136, 192.168.0.156, , , , , , , , , , , , , , , , , , , , , , , , , , , , , , , , , , ,  
"ts004_packet_simulator_onelink.bat","AIFlow","1.1.5.0","11","10.86461","0","20680294","0",20260427182312, 30, HTTPtext.scr, HTTP Text Transfer, TCP, 192.168.0.136, 192.168.0.156, , , , , , , , , , , , , , , , , , , , , , , , , , , , , , , , , , ,  
"ts004_packet_simulator_onelink.bat","AIFlow","1.1.5.0","11","10.86461","0","20680294","0",20260427182312, 30, HTTPtext.scr, HTTP Text Transfer, TCP, 192.168.0.136, 192.168.0.156, , , , , , , , , , , , , , , , , , , , , , , , , , , , , , , , , , ,  
"ts004_packet_simulator_onelink.bat","AIFlow","1.1.5.0","11","10.86461","0","20680294","0",20260427182312, 30, HTTPtext.scr, HTTP Text Transfer, TCP, 192.168.0.136, 192.168.0.156, , , , , , , , , , , , , , , , , , , , , , , , , , , , , , , , , , ,  
"ts004_packet_simulator_onelink.bat","AIFlow","1.1.5.0","11","10.86461","0","20680294","0",20260427182312, 30, HTTPtext.scr, HTTP Text Transfer, TCP, 192.168.0.136, 192.168.0.156, , , , , , , , , , , , , , , , , , , , , , , , , , , , , , , , , , ,  
"ts004_packet_simulator_onelink.bat","AIFlow","1.1.5.0","11","10.86461","0","20680294","0",20260427182312, 30, HTTPtext.scr, HTTP Text Transfer, TCP, 192.168.0.136, 192.168.0.156, , , , , , , , , , , , , , , , , , , , , , , , , , , , , , , , , , ,  
"ts004_packet_simulator_onelink.bat","AIFlow","1.1.5.0","11","10.86461","0","20680294","0",20260427182312, 30, HTTPtext.scr, HTTP Text Transfer, TCP, 192.168.0.136, 192.168.0.156, , , , , , , , , , , , , , , , , , , , , , , , , , , , , , , , , , ,  
"ts004_packet_simulator_onelink.bat","AIFlow","1.1.5.0","11","10.86461","0","20680294","0",20260427182312, 30, HTTPtext.scr, HTTP Text Transfer, TCP, 192.168.0.136, 192.168.0.156, , , , , , , , , , , , , , , , , , , , , , , , , , , , , , , , , , ,  
"ts004_packet_simulator_onelink.bat","AIFlow","1.1.5.0","11","10.86461","0","20680294","0",20260427182312, 30, HTTPtext.scr, HTTP Text Transfer, TCP, 192.168.0.136, 192.168.0.156, , , , , , , , , , , , , , , , , , , , , , , , , , , , , , , , , , ,  
"ts004_packet_simulator_onelink.bat","AIFlow","1.1.5.0","11","10.86461","0","20680294","0",20260427182312, 30, HTTPtext.scr, HTTP Text Transfer, TCP, 192.168.0.136, 192.168.0.156, , , , , , , , , , , , , , , , , , , , , , , , , , , , , , , , , , ,  
"ts004_packet_simulator_onelink.bat","AIFlow","1.1.5.0","11","10.86461","0","20680294","0",20260427182312, 30, HTTPtext.scr, HTTP Text Transfer, TCP, 192.168.0.136, 192.168.0.156, , , , , , , , , , , , , , , , , , , , , , , , , , , , , , , , , , ,  
"ts004_packet_simulator_onelink.bat","AIFlow","1.1.5.0","11","10.86461","0","20680294","0",20260427182312, 30, HTTPtext.scr, HTTP Text Transfer, TCP, 192.168.0.136, 192.168.0.156, , , , , , , , , , , , , , , , , , , , , , , , , , , , , , , , , , ,  
"ts004_packet_simulator_onelink.bat","AIFlow","1.1.5.0","11","10.86461","0","20680294","0",20260427182312, 30, HTTPtext.scr, HTTP Text Transfer, TCP, 192.168.0.136, 192.168.0.156, , , , , , , , , , , , , , , , , , , , , , , , , , , , , , , , , , ,  
"ts004_packet_simulator_onelink.bat","AIFlow","1.1.5.0","11","10.86461","0","20680294","0",20260427182312, 30, HTTPtext.scr, HTTP Text Transfer, TCP, 192.168.0.136, 192.168.0.156, , , , , , , , , , , , , , , , , , , , , , , , , , , , , , , , , , ,  
"Test","Target","Version","Round","CPU_min","CPU_max","RAM_min(B)","RAM_max(B)","Timestamp","Duration","SCRIPT_FILENAME","APPL_SCRIPT_NAME","Protocol","E1_ADDR","E2_ADDR","CONSECUTIVE_LOST","CPU_UTIL_E1","CPU_UTIL_E2","DELAY_FACTOR","DELAY_VARIATION","END_TO_END_DELAY","JITTER_AVG","JITTER_MIN","JITTER_MAX","MEDIA_LOSS_RATE","MOS_ESTIMATE_AVG","MOS_ESTIMATE_MIN","MOS_ESTIMATE_MAX","ONE_WAY_DELAY_AVG","ONE_WAY_DELAY_MIN","ONE_WAY_DELAY_MAX","R_VALUE_AVG","R_VALUE_MIN","R_VALUE_MAX","REL_PRECISION","RESP_TIME_AVG","RESP_TIME_MIN","RESP_TIME_MAX","RSSI_E1_AVG","RSSI_E1_MIN","RSSI_E1_MAX","RSSI_E2_AVG","RSSI_E2_MIN","RSSI_E2_MAX","THROUGHPUT_AVG","THROUGHPUT_MIN","THROUGHPUT_MAX","TRANS_RATE_AVG","TRANS_RATE_MIN","TRANS_RATE_MAX" 
"ts004_packet_simulator_onelink.bat","AIFlow","1.1.5.0","1","26.05500","0","20654489","0",20260427182437, 30, HTTPtext.scr, HTTP Text Transfer, TCP, 192.168.0.136, 192.168.0.156, , , , , , , , , , , , , , , , , , , , , , , , , , , , , , , , , , ,  
"ts004_packet_simulator_onelink.bat","AIFlow","1.1.5.0","1","26.05500","0","20654489","0",20260427182437, 30, HTTPtext.scr, HTTP Text Transfer, TCP, 192.168.0.136, 192.168.0.156, , , , , , , , , , , , , , , , , , , , , , , , , , , , , , , , , , ,  
"ts004_packet_simulator_onelink.bat","AIFlow","1.1.5.0","1","26.05500","0","20654489","0",20260427182437, 30, HTTPtext.scr, HTTP Text Transfer, TCP, 192.168.0.136, 192.168.0.156, , , , , , , , , , , , , , , , , , , , , , , , , , , , , , , , , , ,  
"ts004_packet_simulator_onelink.bat","AIFlow","1.1.5.0","1","26.05500","0","20654489","0",20260427182437, 30, HTTPtext.scr, HTTP Text Transfer, TCP, 192.168.0.136, 192.168.0.156, , , , , , , , , , , , , , , , , , , , , , , , , , , , , , , , , , ,  
"ts004_packet_simulator_onelink.bat","AIFlow","1.1.5.0","1","26.05500","0","20654489","0",20260427182437, 30, HTTPtext.scr, HTTP Text Transfer, TCP, 192.168.0.136, 192.168.0.156, , , , , , , , , , , , , , , , , , , , , , , , , , , , , , , , , , ,  
"ts004_packet_simulator_onelink.bat","AIFlow","1.1.5.0","1","26.05500","0","20654489","0",20260427182437, 30, HTTPtext.scr, HTTP Text Transfer, TCP, 192.168.0.136, 192.168.0.156, , , , , , , , , , , , , , , , , , , , , , , , , , , , , , , , , , ,  
"ts004_packet_simulator_onelink.bat","AIFlow","1.1.5.0","1","26.05500","0","20654489","0",20260427182437, 30, HTTPtext.scr, HTTP Text Transfer, TCP, 192.168.0.136, 192.168.0.156, , , , , , , , , , , , , , , , , , , , , , , , , , , , , , , , , , ,  
"ts004_packet_simulator_onelink.bat","AIFlow","1.1.5.0","1","26.05500","0","20654489","0",20260427182437, 30, HTTPtext.scr, HTTP Text Transfer, TCP, 192.168.0.136, 192.168.0.156, , , , , , , , , , , , , , , , , , , , , , , , , , , , , , , , , , ,  
"ts004_packet_simulator_onelink.bat","AIFlow","1.1.5.0","1","26.05500","0","20654489","0",20260427182437, 30, HTTPtext.scr, HTTP Text Transfer, TCP, 192.168.0.136, 192.168.0.156, , , , , , , , , , , , , , , , , , , , , , , , , , , , , , , , , , ,  
"ts004_packet_simulator_onelink.bat","AIFlow","1.1.5.0","1","26.05500","0","20654489","0",20260427182437, 30, HTTPtext.scr, HTTP Text Transfer, TCP, 192.168.0.136, 192.168.0.156, , , , , , , , , , , , , , , , , , , , , , , , , , , , , , , , , , ,  
"ts004_packet_simulator_onelink.bat","AIFlow","1.1.5.0","1","26.05500","0","20654489","0",20260427182437, 30, HTTPtext.scr, HTTP Text Transfer, TCP, 192.168.0.136, 192.168.0.156, , , , , , , , , , , , , , , , , , , , , , , , , , , , , , , , , , ,  
"ts004_packet_simulator_onelink.bat","AIFlow","1.1.5.0","1","26.05500","0","20654489","0",20260427182437, 30, HTTPtext.scr, HTTP Text Transfer, TCP, 192.168.0.136, 192.168.0.156, , , , , , , , , , , , , , , , , , , , , , , , , , , , , , , , , , ,  
"ts004_packet_simulator_onelink.bat","AIFlow","1.1.5.0","1","26.05500","0","20654489","0",20260427182437, 30, HTTPtext.scr, HTTP Text Transfer, TCP, 192.168.0.136, 192.168.0.156, , , , , , , , , , , , , , , , , , , , , , , , , , , , , , , , , , ,  
"ts004_packet_simulator_onelink.bat","AIFlow","1.1.5.0","1","26.05500","0","20654489","0",20260427182437, 30, HTTPtext.scr, HTTP Text Transfer, TCP, 192.168.0.136, 192.168.0.156, , , , , , , , , , , , , , , , , , , , , , , , , , , , , , , , , , ,  
"ts004_packet_simulator_onelink.bat","AIFlow","1.1.5.0","1","26.05500","0","20654489","0",20260427182437, 30, HTTPtext.scr, HTTP Text Transfer, TCP, 192.168.0.136, 192.168.0.156, , , , , , , , , , , , , , , , , , , , , , , , , , , , , , , , , , ,  
"ts004_packet_simulator_onelink.bat","AIFlow","1.1.5.0","1","26.05500","0","20654489","0",20260427182437, 30, HTTPtext.scr, HTTP Text Transfer, TCP, 192.168.0.136, 192.168.0.156, , , , , , , , , , , , , , , , , , , , , , , , , , , , , , , , , , ,  
"ts004_packet_simulator_onelink.bat","AIFlow","1.1.5.0","1","26.05500","0","20654489","0",20260427182437, 30, HTTPtext.scr, HTTP Text Transfer, TCP, 192.168.0.136, 192.168.0.156, , , , , , , , , , , , , , , , , , , , , , , , , , , , , , , , , , ,  
"ts004_packet_simulator_onelink.bat","AIFlow","1.1.5.0","1","26.05500","0","20654489","0",20260427182437, 30, HTTPtext.scr, HTTP Text Transfer, TCP, 192.168.0.136, 192.168.0.156, , , , , , , , , , , , , , , , , , , , , , , , , , , , , , , , , , ,  
"ts004_packet_simulator_onelink.bat","AIFlow","1.1.5.0","1","26.05500","0","20654489","0",20260427182437, 30, HTTPtext.scr, HTTP Text Transfer, TCP, 192.168.0.136, 192.168.0.156, , , , , , , , , , , , , , , , , , , , , , , , , , , , , , , , , , ,  
"ts004_packet_simulator_onelink.bat","AIFlow","1.1.5.0","1","26.05500","0","20654489","0",20260427182437, 30, HTTPtext.scr, HTTP Text Transfer, TCP, 192.168.0.136, 192.168.0.156, , , , , , , , , , , , , , , , , , , , , , , , , , , , , , , , , , ,  
"ts004_packet_simulator_onelink.bat","AIFlow","1.1.5.0","1","26.05500","0","20654489","0",20260427182437, 30, HTTPtext.scr, HTTP Text Transfer, TCP, 192.168.0.136, 192.168.0.156, , , , , , , , , , , , , , , , , , , , , , , , , , , , , , , , , , ,  
"ts004_packet_simulator_onelink.bat","AIFlow","1.1.5.0","1","26.05500","0","20654489","0",20260427182437, 30, HTTPtext.scr, HTTP Text Transfer, TCP, 192.168.0.136, 192.168.0.156, , , , , , , , , , , , , , , , , , , , , , , , , , , , , , , , , , ,  
"ts004_packet_simulator_onelink.bat","AIFlow","1.1.5.0","1","26.05500","0","20654489","0",20260427182437, 30, HTTPtext.scr, HTTP Text Transfer, TCP, 192.168.0.136, 192.168.0.156, , , , , , , , , , , , , , , , , , , , , , , , , , , , , , , , , , ,  
"ts004_packet_simulator_onelink.bat","AIFlow","1.1.5.0","1","26.05500","0","20654489","0",20260427182437, 30, HTTPtext.scr, HTTP Text Transfer, TCP, 192.168.0.136, 192.168.0.156, , , , , , , , , , , , , , , , , , , , , , , , , , , , , , , , , , ,  
"ts004_packet_simulator_onelink.bat","AIFlow","1.1.5.0","1","26.05500","0","20654489","0",20260427182437, 30, HTTPtext.scr, HTTP Text Transfer, TCP, 192.168.0.136, 192.168.0.156, , , , , , , , , , , , , , , , , , , , , , , , , , , , , , , , , , ,  
"ts004_packet_simulator_onelink.bat","AIFlow","1.1.5.0","1","26.05500","0","20654489","0",20260427182437, 30, HTTPtext.scr, HTTP Text Transfer, TCP, 192.168.0.136, 192.168.0.156, , , , , , , , , , , , , , , , , , , , , , , , , , , , , , , , , , ,  
"ts004_packet_simulator_onelink.bat","AIFlow","1.1.5.0","1","26.05500","0","20654489","0",20260427182437, 30, HTTPtext.scr, HTTP Text Transfer, TCP, 192.168.0.136, 192.168.0.156, , , , , , , , , , , , , , , , , , , , , , , , , , , , , , , , , , ,  
"ts004_packet_simulator_onelink.bat","AIFlow","1.1.5.0","1","26.05500","0","20654489","0",20260427182437, 30, HTTPtext.scr, HTTP Text Transfer, TCP, 192.168.0.136, 192.168.0.156, , , , , , , , , , , , , , , , , , , , , , , , , , , , , , , , , , ,  
"ts004_packet_simulator_onelink.bat","AIFlow","1.1.5.0","1","26.05500","0","20654489","0",20260427182437, 30, HTTPtext.scr, HTTP Text Transfer, TCP, 192.168.0.136, 192.168.0.156, , , , , , , , , , , , , , , , , , , , , , , , , , , , , , , , , , ,  
"ts004_packet_simulator_onelink.bat","AIFlow","1.1.5.0","1","26.05500","0","20654489","0",20260427182437, 30, HTTPtext.scr, HTTP Text Transfer, TCP, 192.168.0.136, 192.168.0.156, , , , , , , , , , , , , , , , , , , , , , , , , , , , , , , , , , ,  
"ts004_packet_simulator_onelink.bat","AIFlow","1.1.5.0","1","26.05500","0","20654489","0",20260427182437, 30, HTTPtext.scr, HTTP Text Transfer, TCP, 192.168.0.136, 192.168.0.156, , , , , , , , , , , , , , , , , , , , , , , , , , , , , , , , , , ,  
"ts004_packet_simulator_onelink.bat","AIFlow","1.1.5.0","1","26.05500","0","20654489","0",20260427182437, 30, HTTPtext.scr, HTTP Text Transfer, TCP, 192.168.0.136, 192.168.0.156, , , , , , , , , , , , , , , , , , , , , , , , , , , , , , , , , , ,  
